-- phpMyAdmin SQL Dump
-- version 5.1.0
-- https://www.phpmyadmin.net/
--
-- Máy chủ: 127.0.0.1
-- Thời gian đã tạo: Th7 05, 2022 lúc 11:53 AM
-- Phiên bản máy phục vụ: 10.4.18-MariaDB
-- Phiên bản PHP: 8.0.5

SET SQL_MODE = "NO_AUTO_VALUE_ON_ZERO";
START TRANSACTION;
SET time_zone = "+00:00";


/*!40101 SET @OLD_CHARACTER_SET_CLIENT=@@CHARACTER_SET_CLIENT */;
/*!40101 SET @OLD_CHARACTER_SET_RESULTS=@@CHARACTER_SET_RESULTS */;
/*!40101 SET @OLD_COLLATION_CONNECTION=@@COLLATION_CONNECTION */;
/*!40101 SET NAMES utf8mb4 */;

--
-- Cơ sở dữ liệu: `sachtruyenn`
--

-- --------------------------------------------------------

--
-- Cấu trúc bảng cho bảng `chapter`
--

CREATE TABLE `chapter` (
  `id` int(10) UNSIGNED NOT NULL,
  `truyen_id` int(10) UNSIGNED NOT NULL,
  `tieude` varchar(255) NOT NULL,
  `tomtat` varchar(255) NOT NULL,
  `noidung` text NOT NULL,
  `kichhoat` int(11) NOT NULL,
  `slug_chapter` varchar(255) NOT NULL
) ENGINE=InnoDB DEFAULT CHARSET=utf8mb4;

--
-- Đang đổ dữ liệu cho bảng `chapter`
--

INSERT INTO `chapter` (`id`, `truyen_id`, `tieude`, `tomtat`, `noidung`, `kichhoat`, `slug_chapter`) VALUES
(1, 1, 'Chap 1', 'Khởi đầu câu chuyện', '<p>&nbsp;</p>\r\n\r\n<p>&nbsp;</p>\r\n\r\n<p><img alt=\"Kịch Trường Của Takemichi chap 258 - Trang 1\" src=\"http://i333.ntcdntempv3.com/data/images/20830/868778/001.jpg?data=net\" /></p>\r\n\r\n<p><img alt=\"Kịch Trường Của Takemichi chap 258 - Trang 2\" src=\"http://i333.ntcdntempv3.com/data/images/20830/868778/002.jpg?data=net\" /></p>\r\n\r\n<p><img alt=\"Kịch Trường Của Takemichi chap 258 - Trang 3\" src=\"http://i333.ntcdntempv3.com/data/images/20830/868778/003.jpg?data=net\" /></p>\r\n\r\n<p><img alt=\"Kịch Trường Của Takemichi chap 258 - Trang 4\" src=\"http://i333.ntcdntempv3.com/data/images/20830/868778/004.jpg?data=net\" /></p>\r\n\r\n<p><img alt=\"Kịch Trường Của Takemichi chap 258 - Trang 5\" src=\"http://i333.ntcdntempv3.com/data/images/20830/868778/005.jpg?data=net\" /></p>\r\n\r\n<p><img alt=\"Kịch Trường Của Takemichi chap 258 - Trang 6\" src=\"http://i333.ntcdntempv3.com/data/images/20830/868778/006.jpg?data=net\" /></p>\r\n\r\n<p><img alt=\"Kịch Trường Của Takemichi chap 258 - Trang 7\" src=\"http://i333.ntcdntempv3.com/data/images/20830/868778/007.jpg?data=net\" /></p>\r\n\r\n<p><img alt=\"Kịch Trường Của Takemichi chap 258 - Trang 8\" src=\"http://i333.ntcdntempv3.com/data/images/20830/868778/008.jpg?data=net\" /></p>\r\n\r\n<p><img alt=\"Kịch Trường Của Takemichi chap 258 - Trang 9\" src=\"http://i333.ntcdntempv3.com/data/images/20830/868778/009.jpg?data=net\" /></p>\r\n\r\n<p><img alt=\"Kịch Trường Của Takemichi chap 258 - Trang 10\" src=\"http://i333.ntcdntempv3.com/data/images/20830/868778/010.jpg?data=net\" /></p>\r\n\r\n<p><img alt=\"Kịch Trường Của Takemichi chap 258 - Trang 11\" src=\"http://i333.ntcdntempv3.com/data/images/20830/868778/011.jpg?data=net\" /></p>\r\n\r\n<p><img alt=\"Kịch Trường Của Takemichi chap 258 - Trang 12\" src=\"http://i333.ntcdntempv3.com/data/images/20830/868778/012.jpg?data=net\" /></p>\r\n\r\n<p><img alt=\"Kịch Trường Của Takemichi chap 258 - Trang 13\" src=\"http://i333.ntcdntempv3.com/data/images/20830/868778/013.jpg?data=net\" /></p>\r\n\r\n<p><img alt=\"Kịch Trường Của Takemichi chap 258 - Trang 14\" src=\"http://i333.ntcdntempv3.com/data/images/20830/868778/014.jpg?data=net\" /></p>\r\n\r\n<p><img alt=\"Kịch Trường Của Takemichi chap 258 - Trang 15\" src=\"http://i333.ntcdntempv3.com/data/images/20830/868778/015.jpg?data=net\" /></p>\r\n\r\n<p><img alt=\"Kịch Trường Của Takemichi chap 258 - Trang 16\" src=\"http://i333.ntcdntempv3.com/data/images/20830/868778/016.jpg?data=net\" /></p>\r\n\r\n<p><img alt=\"Kịch Trường Của Takemichi chap 258 - Trang 17\" src=\"http://i333.ntcdntempv3.com/data/images/20830/868778/017.jpg?data=net\" /></p>\r\n\r\n<p><img alt=\"Kịch Trường Của Takemichi chap 258 - Trang 18\" src=\"http://i333.ntcdntempv3.com/data/images/20830/868778/018.jpg?data=net\" /></p>\r\n\r\n<p><img alt=\"Kịch Trường Của Takemichi chap 258 - Trang 19\" src=\"http://i333.ntcdntempv3.com/data/images/20830/868778/019.jpg?data=net\" /></p>\r\n\r\n<p><img alt=\"Kịch Trường Của Takemichi chap 258 - Trang 20\" src=\"http://i333.ntcdntempv3.com/data/images/20830/868778/020.jpg?data=net\" /></p>\r\n\r\n<p><img alt=\"Kịch Trường Của Takemichi chap 258 - Trang 21\" src=\"http://i333.ntcdntempv3.com/data/images/20830/868778/021.jpg?data=net\" /></p>\r\n\r\n<p><img alt=\"Kịch Trường Của Takemichi chap 258 - Trang 22\" src=\"http://i333.ntcdntempv3.com/data/images/20830/868778/022.jpg?data=net\" /></p>\r\n\r\n<p><img alt=\"Kịch Trường Của Takemichi chap 258 - Trang 23\" src=\"http://i333.ntcdntempv3.com/data/images/20830/868778/023.jpg?data=net\" /></p>\r\n\r\n<p><img alt=\"Kịch Trường Của Takemichi chap 258 - Trang 24\" src=\"http://i333.ntcdntempv3.com/data/images/20830/868778/024.jpg?data=net\" /></p>\r\n\r\n<p><img alt=\"Kịch Trường Của Takemichi chap 258 - Trang 25\" src=\"http://i333.ntcdntempv3.com/data/images/20830/868778/025.jpg?data=net\" /></p>\r\n\r\n<p><img alt=\"Kịch Trường Của Takemichi chap 258 - Trang 26\" src=\"http://i333.ntcdntempv3.com/data/images/20830/868778/026.jpg?data=net\" /></p>\r\n\r\n<p><img alt=\"Kịch Trường Của Takemichi chap 258 - Trang 27\" src=\"http://i333.ntcdntempv3.com/data/images/20830/868778/027.jpg?data=net\" /></p>\r\n\r\n<p><img alt=\"Kịch Trường Của Takemichi chap 258 - Trang 28\" src=\"http://i333.ntcdntempv3.com/data/images/20830/868778/028.jpg?data=net\" /></p>\r\n\r\n<p><img alt=\"Kịch Trường Của Takemichi chap 258 - Trang 29\" src=\"http://i333.ntcdntempv3.com/data/images/20830/868778/029.jpg?data=net\" /></p>\r\n\r\n<ul>\r\n</ul>', 0, 'chap-1'),
(2, 1, 'Chap 2', 'SỰ khởi đầu mới', '<p>&nbsp;</p>\r\n\r\n<p><img alt=\"Kịch Trường Của Takemichi chap 2 - Trang 2\" src=\"http://i115.ntcdntempv3.com/data/images/20830/440312/002-fix.jpg?data=net\" /></p>\r\n\r\n<p><img alt=\"Kịch Trường Của Takemichi chap 2 - Trang 3\" src=\"http://i115.ntcdntempv3.com/data/images/20830/440312/003-fix.jpg?data=net\" /></p>\r\n\r\n<p><img alt=\"Kịch Trường Của Takemichi chap 2 - Trang 4\" src=\"http://i115.ntcdntempv3.com/data/images/20830/440312/004-fix.jpg?data=net\" /></p>\r\n\r\n<p><img alt=\"Kịch Trường Của Takemichi chap 2 - Trang 5\" src=\"http://i115.ntcdntempv3.com/data/images/20830/440312/005-fix.jpg?data=net\" /></p>\r\n\r\n<p><img alt=\"Kịch Trường Của Takemichi chap 2 - Trang 6\" src=\"http://i115.ntcdntempv3.com/data/images/20830/440312/006-fix.jpg?data=net\" /></p>\r\n\r\n<p><img alt=\"Kịch Trường Của Takemichi chap 2 - Trang 7\" src=\"http://i115.ntcdntempv3.com/data/images/20830/440312/007-fix.jpg?data=net\" /></p>\r\n\r\n<p><img alt=\"Kịch Trường Của Takemichi chap 2 - Trang 8\" src=\"http://i115.ntcdntempv3.com/data/images/20830/440312/008-fix.jpg?data=net\" /></p>\r\n\r\n<p><img alt=\"Kịch Trường Của Takemichi chap 2 - Trang 9\" src=\"http://i115.ntcdntempv3.com/data/images/20830/440312/009-fix.jpg?data=net\" /></p>\r\n\r\n<p><img alt=\"Kịch Trường Của Takemichi chap 2 - Trang 10\" src=\"http://i115.ntcdntempv3.com/data/images/20830/440312/010-fix.jpg?data=net\" /></p>\r\n\r\n<p><img alt=\"Kịch Trường Của Takemichi chap 2 - Trang 11\" src=\"http://i115.ntcdntempv3.com/data/images/20830/440312/011-fix.jpg?data=net\" /></p>\r\n\r\n<p><img alt=\"Kịch Trường Của Takemichi chap 2 - Trang 12\" src=\"http://i115.ntcdntempv3.com/data/images/20830/440312/012-fix.jpg?data=net\" /></p>\r\n\r\n<p><img alt=\"Kịch Trường Của Takemichi chap 2 - Trang 13\" src=\"http://i115.ntcdntempv3.com/data/images/20830/440312/013-fix.jpg?data=net\" /></p>\r\n\r\n<p><img alt=\"Kịch Trường Của Takemichi chap 2 - Trang 14\" src=\"http://i115.ntcdntempv3.com/data/images/20830/440312/014-fix.jpg?data=net\" /></p>\r\n\r\n<p><img alt=\"Kịch Trường Của Takemichi chap 2 - Trang 15\" src=\"http://i115.ntcdntempv3.com/data/images/20830/440312/015-fix.jpg?data=net\" /></p>\r\n\r\n<p><img alt=\"Kịch Trường Của Takemichi chap 2 - Trang 16\" src=\"http://i115.ntcdntempv3.com/data/images/20830/440312/016-fix.jpg?data=net\" /></p>\r\n\r\n<p><img alt=\"Kịch Trường Của Takemichi chap 2 - Trang 17\" src=\"http://i115.ntcdntempv3.com/data/images/20830/440312/017-fix.jpg?data=net\" /></p>\r\n\r\n<p><img alt=\"Kịch Trường Của Takemichi chap 2 - Trang 18\" src=\"http://i115.ntcdntempv3.com/data/images/20830/440312/018-fix.jpg?data=net\" /></p>\r\n\r\n<p><img alt=\"Kịch Trường Của Takemichi chap 2 - Trang 19\" src=\"http://i115.ntcdntempv3.com/data/images/20830/440312/019-fix.jpg?data=net\" /></p>\r\n\r\n<p><img alt=\"Kịch Trường Của Takemichi chap 2 - Trang 20\" src=\"http://i115.ntcdntempv3.com/data/images/20830/440312/020-fix.jpg?data=net\" /></p>\r\n\r\n<p><img alt=\"Kịch Trường Của Takemichi chap 2 - Trang 21\" src=\"http://i115.ntcdntempv3.com/data/images/20830/440312/021-fix.jpg?data=net\" /></p>\r\n\r\n<p><img alt=\"Kịch Trường Của Takemichi chap 2 - Trang 22\" src=\"http://i115.ntcdntempv3.com/data/images/20830/440312/022-fix.jpg?data=net\" /></p>\r\n\r\n<p><img alt=\"Kịch Trường Của Takemichi chap 2 - Trang 23\" src=\"http://i115.ntcdntempv3.com/data/images/20830/440312/023-fix.jpg?data=net\" /></p>\r\n\r\n<p><img alt=\"Kịch Trường Của Takemichi chap 2 - Trang 24\" src=\"http://i115.ntcdntempv3.com/data/images/20830/440312/024-fix.jpg?data=net\" /></p>\r\n\r\n<p><img alt=\"Kịch Trường Của Takemichi chap 2 - Trang 25\" src=\"http://i115.ntcdntempv3.com/data/images/20830/440312/025-fix.jpg?data=net\" /></p>\r\n\r\n<p><img alt=\"Kịch Trường Của Takemichi chap 2 - Trang 26\" src=\"http://i115.ntcdntempv3.com/data/images/20830/440312/026-fix.jpg?data=net\" /></p>\r\n\r\n<p><img alt=\"Kịch Trường Của Takemichi chap 2 - Trang 27\" src=\"http://i115.ntcdntempv3.com/data/images/20830/440312/027-fix.jpg?data=net\" /></p>\r\n\r\n<p><img alt=\"Kịch Trường Của Takemichi chap 2 - Trang 28\" src=\"http://i115.ntcdntempv3.com/data/images/20830/440312/028-fix.jpg?data=net\" /></p>\r\n\r\n<p><img alt=\"Kịch Trường Của Takemichi chap 2 - Trang 29\" src=\"http://i115.ntcdntempv3.com/data/images/20830/440312/029-fix.jpg?data=net\" /></p>\r\n\r\n<p><img alt=\"Kịch Trường Của Takemichi chap 2 - Trang 30\" src=\"http://i115.ntcdntempv3.com/data/images/20830/440312/030-fix.jpg?data=net\" /></p>\r\n\r\n<p><img alt=\"Kịch Trường Của Takemichi chap 2 - Trang 31\" src=\"http://i115.ntcdntempv3.com/data/images/20830/440312/031-fix.jpg?data=net\" /></p>\r\n\r\n<p><img alt=\"Kịch Trường Của Takemichi chap 2 - Trang 32\" src=\"http://i115.ntcdntempv3.com/data/images/20830/440312/032-fix.jpg?data=net\" /></p>\r\n\r\n<p><img alt=\"Kịch Trường Của Takemichi chap 2 - Trang 33\" src=\"http://i115.ntcdntempv3.com/data/images/20830/440312/033-fix.jpg?data=net\" /></p>\r\n\r\n<p><img alt=\"Kịch Trường Của Takemichi chap 2 - Trang 34\" src=\"http://i115.ntcdntempv3.com/data/images/20830/440312/034-fix.jpg?data=net\" /></p>\r\n\r\n<p><img alt=\"Kịch Trường Của Takemichi chap 2 - Trang 35\" src=\"http://i115.ntcdntempv3.com/data/images/20830/440312/035-fix.jpg?data=net\" /></p>\r\n\r\n<p><img alt=\"Kịch Trường Của Takemichi chap 2 - Trang 36\" src=\"http://i115.ntcdntempv3.com/data/images/20830/440312/036-fix.jpg?data=net\" /></p>\r\n\r\n<p><img alt=\"Kịch Trường Của Takemichi chap 2 - Trang 37\" src=\"http://i115.ntcdntempv3.com/data/images/20830/440312/037-fix.jpg?data=net\" /></p>\r\n\r\n<p><img alt=\"Kịch Trường Của Takemichi chap 2 - Trang 38\" src=\"http://i115.ntcdntempv3.com/data/images/20830/440312/038-fix.jpg?data=net\" /></p>\r\n\r\n<p><img alt=\"Kịch Trường Của Takemichi chap 2 - Trang 39\" src=\"http://i115.ntcdntempv3.com/data/images/20830/440312/039-fix.jpg?data=net\" /></p>\r\n\r\n<p><img alt=\"Kịch Trường Của Takemichi chap 2 - Trang 40\" src=\"http://i115.ntcdntempv3.com/data/images/20830/440312/040-fix.jpg?data=net\" /></p>\r\n\r\n<p><img alt=\"Kịch Trường Của Takemichi chap 2 - Trang 41\" src=\"http://i115.ntcdntempv3.com/data/images/20830/440312/041-fix.jpg?data=net\" /></p>\r\n\r\n<p><img alt=\"Kịch Trường Của Takemichi chap 2 - Trang 42\" src=\"http://i115.ntcdntempv3.com/data/images/20830/440312/042-fix.jpg?data=net\" /></p>\r\n\r\n<p><img alt=\"Kịch Trường Của Takemichi chap 2 - Trang 43\" src=\"http://i115.ntcdntempv3.com/data/images/20830/440312/043-fix.jpg?data=net\" /></p>\r\n\r\n<p><img alt=\"Kịch Trường Của Takemichi chap 2 - Trang 44\" src=\"http://i115.ntcdntempv3.com/data/images/20830/440312/044-fix.jpg?data=net\" /></p>\r\n\r\n<p><img alt=\"Kịch Trường Của Takemichi chap 2 - Trang 45\" src=\"http://i115.ntcdntempv3.com/data/images/20830/440312/045-fix.jpg?data=net\" /></p>\r\n\r\n<p><img alt=\"Kịch Trường Của Takemichi chap 2 - Trang 46\" src=\"http://i115.ntcdntempv3.com/data/images/20830/440312/046-fix.jpg?data=net\" /></p>\r\n\r\n<p><img alt=\"Kịch Trường Của Takemichi chap 2 - Trang 47\" src=\"http://i115.ntcdntempv3.com/data/images/20830/440312/047-fix.jpg?data=net\" /></p>\r\n\r\n<p>&nbsp; &nbsp; &nbsp; &nbsp; &nbsp; &nbsp; &nbsp; &nbsp; &nbsp; &nbsp; &nbsp; &nbsp; &nbsp; &nbsp; &nbsp; &nbsp; &nbsp; &nbsp; &nbsp; &nbsp; &nbsp; &nbsp; &nbsp; &nbsp; &nbsp; &nbsp; &nbsp; &nbsp; &nbsp; &nbsp; &nbsp; &nbsp; &nbsp; &nbsp; &nbsp; &nbsp; &nbsp; &nbsp; &nbsp; &nbsp; &nbsp; &nbsp; &nbsp; &nbsp; &nbsp; &nbsp; &nbsp; &nbsp; &nbsp; &nbsp; &nbsp; &nbsp; &nbsp; &nbsp; &nbsp; &nbsp; &nbsp; &nbsp; &nbsp; &nbsp; &nbsp; &nbsp; &nbsp; &nbsp; &nbsp; &nbsp; &nbsp; &nbsp; &nbsp; &nbsp; &nbsp; &nbsp; &nbsp; &nbsp; &nbsp; &nbsp; &nbsp; &nbsp; &nbsp; &nbsp; &nbsp; &nbsp; &nbsp; &nbsp; &nbsp; &nbsp; &nbsp; &nbsp; &nbsp; &nbsp;&nbsp;<span style=\"color:#e74c3c\"><span style=\"font-size:36px\"> &nbsp;HẾT</span></span></p>\r\n\r\n<ul>\r\n</ul>', 0, 'chap-2'),
(3, 1, 'Chap 3', 'Giang hồ nổi loạn', '<p>&nbsp;</p>\r\n\r\n<p><img alt=\"Kịch Trường Của Takemichi chap 3 - Trang 2\" src=\"http://i115.ntcdntempv3.com/data/images/20830/441242/002-fix.jpg?data=net\" /></p>\r\n\r\n<p><img alt=\"Kịch Trường Của Takemichi chap 3 - Trang 3\" src=\"http://i115.ntcdntempv3.com/data/images/20830/441242/003-fix.jpg?data=net\" /></p>\r\n\r\n<p><img alt=\"Kịch Trường Của Takemichi chap 3 - Trang 4\" src=\"http://i115.ntcdntempv3.com/data/images/20830/441242/004-fix.jpg?data=net\" /></p>\r\n\r\n<p><img alt=\"Kịch Trường Của Takemichi chap 3 - Trang 5\" src=\"http://i115.ntcdntempv3.com/data/images/20830/441242/005-fix.jpg?data=net\" /></p>\r\n\r\n<p><img alt=\"Kịch Trường Của Takemichi chap 3 - Trang 6\" src=\"http://i115.ntcdntempv3.com/data/images/20830/441242/006-fix.jpg?data=net\" /></p>\r\n\r\n<p><img alt=\"Kịch Trường Của Takemichi chap 3 - Trang 7\" src=\"http://i115.ntcdntempv3.com/data/images/20830/441242/007-fix.jpg?data=net\" /></p>\r\n\r\n<p><img alt=\"Kịch Trường Của Takemichi chap 3 - Trang 8\" src=\"http://i115.ntcdntempv3.com/data/images/20830/441242/008-fix.jpg?data=net\" /></p>\r\n\r\n<p><img alt=\"Kịch Trường Của Takemichi chap 3 - Trang 9\" src=\"http://i115.ntcdntempv3.com/data/images/20830/441242/009-fix.jpg?data=net\" /></p>\r\n\r\n<p><img alt=\"Kịch Trường Của Takemichi chap 3 - Trang 10\" src=\"http://i115.ntcdntempv3.com/data/images/20830/441242/010-fix.jpg?data=net\" /></p>\r\n\r\n<p><img alt=\"Kịch Trường Của Takemichi chap 3 - Trang 11\" src=\"http://i115.ntcdntempv3.com/data/images/20830/441242/011-fix.jpg?data=net\" /></p>\r\n\r\n<p><img alt=\"Kịch Trường Của Takemichi chap 3 - Trang 12\" src=\"http://i115.ntcdntempv3.com/data/images/20830/441242/012-fix.jpg?data=net\" /></p>\r\n\r\n<p><img alt=\"Kịch Trường Của Takemichi chap 3 - Trang 13\" src=\"http://i115.ntcdntempv3.com/data/images/20830/441242/013-fix.jpg?data=net\" /></p>\r\n\r\n<p><img alt=\"Kịch Trường Của Takemichi chap 3 - Trang 14\" src=\"http://i115.ntcdntempv3.com/data/images/20830/441242/014-fix.jpg?data=net\" /></p>\r\n\r\n<p><img alt=\"Kịch Trường Của Takemichi chap 3 - Trang 15\" src=\"http://i115.ntcdntempv3.com/data/images/20830/441242/015-fix.jpg?data=net\" /></p>\r\n\r\n<p><img alt=\"Kịch Trường Của Takemichi chap 3 - Trang 16\" src=\"http://i115.ntcdntempv3.com/data/images/20830/441242/016-fix.jpg?data=net\" /></p>\r\n\r\n<p><img alt=\"Kịch Trường Của Takemichi chap 3 - Trang 17\" src=\"http://i115.ntcdntempv3.com/data/images/20830/441242/017-fix.jpg?data=net\" /></p>\r\n\r\n<p><img alt=\"Kịch Trường Của Takemichi chap 3 - Trang 18\" src=\"http://i115.ntcdntempv3.com/data/images/20830/441242/018-fix.jpg?data=net\" /></p>\r\n\r\n<p><img alt=\"Kịch Trường Của Takemichi chap 3 - Trang 19\" src=\"http://i115.ntcdntempv3.com/data/images/20830/441242/019-fix.jpg?data=net\" /></p>\r\n\r\n<p><img alt=\"Kịch Trường Của Takemichi chap 3 - Trang 20\" src=\"http://i115.ntcdntempv3.com/data/images/20830/441242/020-fix.jpg?data=net\" /></p>\r\n\r\n<p><img alt=\"Kịch Trường Của Takemichi chap 3 - Trang 21\" src=\"http://i115.ntcdntempv3.com/data/images/20830/441242/021-fix.jpg?data=net\" /></p>\r\n\r\n<p><img alt=\"Kịch Trường Của Takemichi chap 3 - Trang 22\" src=\"http://i115.ntcdntempv3.com/data/images/20830/441242/022-fix.jpg?data=net\" /></p>\r\n\r\n<p><img alt=\"Kịch Trường Của Takemichi chap 3 - Trang 23\" src=\"http://i115.ntcdntempv3.com/data/images/20830/441242/023-fix.jpg?data=net\" /></p>\r\n\r\n<p><img alt=\"Kịch Trường Của Takemichi chap 3 - Trang 24\" src=\"http://i115.ntcdntempv3.com/data/images/20830/441242/024-fix.jpg?data=net\" /></p>\r\n\r\n<p><img alt=\"Kịch Trường Của Takemichi chap 3 - Trang 25\" src=\"http://i115.ntcdntempv3.com/data/images/20830/441242/025-fix.jpg?data=net\" /></p>\r\n\r\n<p><img alt=\"Kịch Trường Của Takemichi chap 3 - Trang 26\" src=\"http://i115.ntcdntempv3.com/data/images/20830/441242/026-fix.jpg?data=net\" /></p>\r\n\r\n<p><img alt=\"Kịch Trường Của Takemichi chap 3 - Trang 27\" src=\"http://i115.ntcdntempv3.com/data/images/20830/441242/027-fix.jpg?data=net\" /></p>\r\n\r\n<p><img alt=\"Kịch Trường Của Takemichi chap 3 - Trang 28\" src=\"http://i115.ntcdntempv3.com/data/images/20830/441242/028-fix.jpg?data=net\" /></p>\r\n\r\n<p><img alt=\"heart\" src=\"http://cdn.ckeditor.com/4.16.2/full/plugins/smiley/images/heart.png\" style=\"height:23px; width:23px\" title=\"heart\" /></p>\r\n\r\n<blockquote>&nbsp; &nbsp; &nbsp; &nbsp; &nbsp; &nbsp; &nbsp; &nbsp; &nbsp; &nbsp; &nbsp; &nbsp; &nbsp; &nbsp; &nbsp; &nbsp; &nbsp; &nbsp; &nbsp; &nbsp; &nbsp; &nbsp; <span style=\"color:#e74c3c\"><span style=\"font-size:36px\">&nbsp; &nbsp; &nbsp; &nbsp; &nbsp; &nbsp;Hết</span></span></blockquote>', 0, 'chap-3'),
(6, 1, 'Chap 4', 'Hinata xuất hiện', '<p>&nbsp;</p>\r\n\r\n<p><img alt=\"Kịch Trường Của Takemichi chap 4 - Trang 2\" src=\"http://i115.ntcdntempv3.com/data/images/20830/442898/002-fix.jpg?data=net\" /></p>\r\n\r\n<p><img alt=\"Kịch Trường Của Takemichi chap 4 - Trang 3\" src=\"http://i115.ntcdntempv3.com/data/images/20830/442898/003-fix.jpg?data=net\" /></p>\r\n\r\n<p><img alt=\"Kịch Trường Của Takemichi chap 4 - Trang 4\" src=\"http://i115.ntcdntempv3.com/data/images/20830/442898/004-fix.jpg?data=net\" /></p>\r\n\r\n<p><img alt=\"Kịch Trường Của Takemichi chap 4 - Trang 5\" src=\"http://i115.ntcdntempv3.com/data/images/20830/442898/005-fix.jpg?data=net\" /></p>\r\n\r\n<p><img alt=\"Kịch Trường Của Takemichi chap 4 - Trang 6\" src=\"http://i115.ntcdntempv3.com/data/images/20830/442898/006-fix.jpg?data=net\" /></p>\r\n\r\n<p><img alt=\"Kịch Trường Của Takemichi chap 4 - Trang 7\" src=\"http://i115.ntcdntempv3.com/data/images/20830/442898/007-fix.jpg?data=net\" /></p>\r\n\r\n<p><img alt=\"Kịch Trường Của Takemichi chap 4 - Trang 8\" src=\"http://i115.ntcdntempv3.com/data/images/20830/442898/008-fix.jpg?data=net\" /></p>\r\n\r\n<p><img alt=\"Kịch Trường Của Takemichi chap 4 - Trang 9\" src=\"http://i115.ntcdntempv3.com/data/images/20830/442898/009-fix.jpg?data=net\" /></p>\r\n\r\n<p><img alt=\"Kịch Trường Của Takemichi chap 4 - Trang 10\" src=\"http://i115.ntcdntempv3.com/data/images/20830/442898/010-fix.jpg?data=net\" /></p>\r\n\r\n<p><img alt=\"Kịch Trường Của Takemichi chap 4 - Trang 11\" src=\"http://i115.ntcdntempv3.com/data/images/20830/442898/011-fix.jpg?data=net\" /></p>\r\n\r\n<p><img alt=\"Kịch Trường Của Takemichi chap 4 - Trang 12\" src=\"http://i115.ntcdntempv3.com/data/images/20830/442898/012-fix.jpg?data=net\" /></p>\r\n\r\n<p><img alt=\"Kịch Trường Của Takemichi chap 4 - Trang 13\" src=\"http://i115.ntcdntempv3.com/data/images/20830/442898/013-fix.jpg?data=net\" /></p>\r\n\r\n<p><img alt=\"Kịch Trường Của Takemichi chap 4 - Trang 14\" src=\"http://i115.ntcdntempv3.com/data/images/20830/442898/014-fix.jpg?data=net\" /></p>\r\n\r\n<p><img alt=\"Kịch Trường Của Takemichi chap 4 - Trang 15\" src=\"http://i115.ntcdntempv3.com/data/images/20830/442898/015-fix.jpg?data=net\" /></p>\r\n\r\n<p><img alt=\"Kịch Trường Của Takemichi chap 4 - Trang 16\" src=\"http://i115.ntcdntempv3.com/data/images/20830/442898/016-fix.jpg?data=net\" /></p>\r\n\r\n<p><img alt=\"Kịch Trường Của Takemichi chap 4 - Trang 17\" src=\"http://i115.ntcdntempv3.com/data/images/20830/442898/017-fix.jpg?data=net\" /></p>\r\n\r\n<p><img alt=\"Kịch Trường Của Takemichi chap 4 - Trang 18\" src=\"http://i115.ntcdntempv3.com/data/images/20830/442898/018-fix.jpg?data=net\" /></p>\r\n\r\n<p><img alt=\"Kịch Trường Của Takemichi chap 4 - Trang 19\" src=\"http://i115.ntcdntempv3.com/data/images/20830/442898/019-fix.jpg?data=net\" /></p>\r\n\r\n<p><img alt=\"Kịch Trường Của Takemichi chap 4 - Trang 20\" src=\"http://i115.ntcdntempv3.com/data/images/20830/442898/020-fix.jpg?data=net\" /></p>\r\n\r\n<p><img alt=\"Kịch Trường Của Takemichi chap 4 - Trang 21\" src=\"http://i115.ntcdntempv3.com/data/images/20830/442898/021-fix.jpg?data=net\" /></p>\r\n\r\n<ul>\r\n</ul>', 0, 'chap-4'),
(7, 10, 'Chap 1:Khởi đầu', 'Khởi đầu cướp biển', '<p>&nbsp;</p>\r\n\r\n<p><img alt=\"Đảo Hải Tặc chap 1 - Trang 1\" src=\"http://i115.ntcdntempv3.com/data/images/9169/266191/001-fix.jpg?data=net\" /></p>\r\n\r\n<p><img alt=\"Đảo Hải Tặc chap 1 - Trang 2\" src=\"http://i115.ntcdntempv3.com/data/images/9169/266191/002-fix.jpg?data=net\" /></p>\r\n\r\n<p><img alt=\"Đảo Hải Tặc chap 1 - Trang 3\" src=\"http://i115.ntcdntempv3.com/data/images/9169/266191/003-fix.jpg?data=net\" /></p>\r\n\r\n<p><img alt=\"Đảo Hải Tặc chap 1 - Trang 4\" src=\"http://i115.ntcdntempv3.com/data/images/9169/266191/004-fix.jpg?data=net\" /></p>\r\n\r\n<p><img alt=\"Đảo Hải Tặc chap 1 - Trang 5\" src=\"http://i115.ntcdntempv3.com/data/images/9169/266191/005-fix.jpg?data=net\" /></p>\r\n\r\n<p><img alt=\"Đảo Hải Tặc chap 1 - Trang 6\" src=\"http://i115.ntcdntempv3.com/data/images/9169/266191/006-fix.jpg?data=net\" /></p>\r\n\r\n<p><img alt=\"Đảo Hải Tặc chap 1 - Trang 7\" src=\"http://i115.ntcdntempv3.com/data/images/9169/266191/007-fix.jpg?data=net\" /></p>\r\n\r\n<p><img alt=\"Đảo Hải Tặc chap 1 - Trang 8\" src=\"http://i115.ntcdntempv3.com/data/images/9169/266191/008-fix.jpg?data=net\" /></p>\r\n\r\n<p><img alt=\"Đảo Hải Tặc chap 1 - Trang 9\" src=\"http://i115.ntcdntempv3.com/data/images/9169/266191/009-fix.jpg?data=net\" /></p>\r\n\r\n<p><img alt=\"Đảo Hải Tặc chap 1 - Trang 10\" src=\"http://i115.ntcdntempv3.com/data/images/9169/266191/010-fix.jpg?data=net\" /></p>\r\n\r\n<p><img alt=\"Đảo Hải Tặc chap 1 - Trang 11\" src=\"http://i115.ntcdntempv3.com/data/images/9169/266191/011-fix.jpg?data=net\" /></p>\r\n\r\n<p><img alt=\"Đảo Hải Tặc chap 1 - Trang 12\" src=\"http://i115.ntcdntempv3.com/data/images/9169/266191/012-fix.jpg?data=net\" /></p>\r\n\r\n<p><img alt=\"Đảo Hải Tặc chap 1 - Trang 13\" src=\"http://i115.ntcdntempv3.com/data/images/9169/266191/013-fix.jpg?data=net\" /></p>\r\n\r\n<p><img alt=\"Đảo Hải Tặc chap 1 - Trang 14\" src=\"http://i115.ntcdntempv3.com/data/images/9169/266191/014-fix.jpg?data=net\" /></p>\r\n\r\n<p><img alt=\"Đảo Hải Tặc chap 1 - Trang 15\" src=\"http://i115.ntcdntempv3.com/data/images/9169/266191/015-fix.jpg?data=net\" /></p>\r\n\r\n<p><img alt=\"Đảo Hải Tặc chap 1 - Trang 16\" src=\"http://i115.ntcdntempv3.com/data/images/9169/266191/016-fix.jpg?data=net\" /></p>\r\n\r\n<p><img alt=\"Đảo Hải Tặc chap 1 - Trang 17\" src=\"http://i115.ntcdntempv3.com/data/images/9169/266191/017-fix.jpg?data=net\" /></p>\r\n\r\n<p><img alt=\"Đảo Hải Tặc chap 1 - Trang 18\" src=\"http://i115.ntcdntempv3.com/data/images/9169/266191/018-fix.jpg?data=net\" /></p>\r\n\r\n<p><img alt=\"Đảo Hải Tặc chap 1 - Trang 19\" src=\"http://i115.ntcdntempv3.com/data/images/9169/266191/019-fix.jpg?data=net\" /></p>\r\n\r\n<p><img alt=\"Đảo Hải Tặc chap 1 - Trang 20\" src=\"http://i115.ntcdntempv3.com/data/images/9169/266191/020-fix.jpg?data=net\" /></p>\r\n\r\n<p><img alt=\"Đảo Hải Tặc chap 1 - Trang 21\" src=\"http://i115.ntcdntempv3.com/data/images/9169/266191/021-fix.jpg?data=net\" /></p>\r\n\r\n<p><img alt=\"Đảo Hải Tặc chap 1 - Trang 22\" src=\"http://i115.ntcdntempv3.com/data/images/9169/266191/022-fix.jpg?data=net\" /></p>\r\n\r\n<p><img alt=\"Đảo Hải Tặc chap 1 - Trang 23\" src=\"http://i115.ntcdntempv3.com/data/images/9169/266191/023-fix.jpg?data=net\" /></p>\r\n\r\n<p><img alt=\"Đảo Hải Tặc chap 1 - Trang 24\" src=\"http://i115.ntcdntempv3.com/data/images/9169/266191/024-fix.jpg?data=net\" /></p>\r\n\r\n<p><img alt=\"Đảo Hải Tặc chap 1 - Trang 25\" src=\"http://i115.ntcdntempv3.com/data/images/9169/266191/025-fix.jpg?data=net\" /></p>\r\n\r\n<p><img alt=\"Đảo Hải Tặc chap 1 - Trang 26\" src=\"http://i115.ntcdntempv3.com/data/images/9169/266191/026-fix.jpg?data=net\" /></p>\r\n\r\n<p><img alt=\"Đảo Hải Tặc chap 1 - Trang 27\" src=\"http://i115.ntcdntempv3.com/data/images/9169/266191/027-fix.jpg?data=net\" /></p>\r\n\r\n<p><img alt=\"Đảo Hải Tặc chap 1 - Trang 28\" src=\"http://i115.ntcdntempv3.com/data/images/9169/266191/028-fix.jpg?data=net\" /></p>\r\n\r\n<p><img alt=\"Đảo Hải Tặc chap 1 - Trang 29\" src=\"http://i115.ntcdntempv3.com/data/images/9169/266191/029-fix.jpg?data=net\" /></p>\r\n\r\n<p><img alt=\"Đảo Hải Tặc chap 1 - Trang 30\" src=\"http://i115.ntcdntempv3.com/data/images/9169/266191/030-fix.jpg?data=net\" /></p>\r\n\r\n<p><img alt=\"Đảo Hải Tặc chap 1 - Trang 31\" src=\"http://i115.ntcdntempv3.com/data/images/9169/266191/031-fix.jpg?data=net\" /></p>\r\n\r\n<p><img alt=\"Đảo Hải Tặc chap 1 - Trang 32\" src=\"http://i115.ntcdntempv3.com/data/images/9169/266191/032-fix.jpg?data=net\" /></p>\r\n\r\n<p><img alt=\"Đảo Hải Tặc chap 1 - Trang 33\" src=\"http://i115.ntcdntempv3.com/data/images/9169/266191/033-fix.jpg?data=net\" /></p>\r\n\r\n<p><img alt=\"Đảo Hải Tặc chap 1 - Trang 34\" src=\"http://i115.ntcdntempv3.com/data/images/9169/266191/034-fix.jpg?data=net\" /></p>\r\n\r\n<p><img alt=\"Đảo Hải Tặc chap 1 - Trang 35\" src=\"http://i115.ntcdntempv3.com/data/images/9169/266191/035-fix.jpg?data=net\" /></p>\r\n\r\n<p><img alt=\"Đảo Hải Tặc chap 1 - Trang 36\" src=\"http://i115.ntcdntempv3.com/data/images/9169/266191/036-fix.jpg?data=net\" /></p>\r\n\r\n<p><img alt=\"Đảo Hải Tặc chap 1 - Trang 37\" src=\"http://i115.ntcdntempv3.com/data/images/9169/266191/037-fix.jpg?data=net\" /></p>\r\n\r\n<p><img alt=\"Đảo Hải Tặc chap 1 - Trang 38\" src=\"http://i115.ntcdntempv3.com/data/images/9169/266191/038-fix.jpg?data=net\" /></p>\r\n\r\n<p><img alt=\"Đảo Hải Tặc chap 1 - Trang 39\" src=\"http://i115.ntcdntempv3.com/data/images/9169/266191/039-fix.jpg?data=net\" /></p>\r\n\r\n<p><img alt=\"Đảo Hải Tặc chap 1 - Trang 40\" src=\"http://i115.ntcdntempv3.com/data/images/9169/266191/040-fix.jpg?data=net\" /></p>\r\n\r\n<p><img alt=\"Đảo Hải Tặc chap 1 - Trang 41\" src=\"http://i115.ntcdntempv3.com/data/images/9169/266191/041-fix.jpg?data=net\" /></p>\r\n\r\n<p><img alt=\"Đảo Hải Tặc chap 1 - Trang 42\" src=\"http://i115.ntcdntempv3.com/data/images/9169/266191/042-fix.jpg?data=net\" /></p>\r\n\r\n<p><img alt=\"Đảo Hải Tặc chap 1 - Trang 43\" src=\"http://i115.ntcdntempv3.com/data/images/9169/266191/043-fix.jpg?data=net\" /></p>\r\n\r\n<p><img alt=\"Đảo Hải Tặc chap 1 - Trang 44\" src=\"http://i115.ntcdntempv3.com/data/images/9169/266191/044-fix.jpg?data=net\" /></p>\r\n\r\n<p><img alt=\"Đảo Hải Tặc chap 1 - Trang 45\" src=\"http://i115.ntcdntempv3.com/data/images/9169/266191/045-fix.jpg?data=net\" /></p>\r\n\r\n<p><img alt=\"Đảo Hải Tặc chap 1 - Trang 46\" src=\"http://i115.ntcdntempv3.com/data/images/9169/266191/046-fix.jpg?data=net\" /></p>\r\n\r\n<p><img alt=\"Đảo Hải Tặc chap 1 - Trang 47\" src=\"http://i115.ntcdntempv3.com/data/images/9169/266191/047-fix.jpg?data=net\" /></p>\r\n\r\n<p><img alt=\"Đảo Hải Tặc chap 1 - Trang 48\" src=\"http://i115.ntcdntempv3.com/data/images/9169/266191/048-fix.jpg?data=net\" /></p>\r\n\r\n<p><img alt=\"Đảo Hải Tặc chap 1 - Trang 49\" src=\"http://i115.ntcdntempv3.com/data/images/9169/266191/049-fix.jpg?data=net\" /></p>\r\n\r\n<p><img alt=\"Đảo Hải Tặc chap 1 - Trang 50\" src=\"http://i115.ntcdntempv3.com/data/images/9169/266191/050-fix.jpg?data=net\" /></p>\r\n\r\n<p><img alt=\"Đảo Hải Tặc chap 1 - Trang 51\" src=\"http://i115.ntcdntempv3.com/data/images/9169/266191/051-fix.jpg?data=net\" /></p>\r\n\r\n<p><img alt=\"Đảo Hải Tặc chap 1 - Trang 52\" src=\"http://i115.ntcdntempv3.com/data/images/9169/266191/052-fix.jpg?data=net\" /></p>\r\n\r\n<p>&nbsp;</p>', 0, 'chap-1-khởi đầu'),
(8, 10, 'Đảo Hải Tặc - Chapter 2', 'kế tiếp', '<p>&nbsp;</p>\r\n\r\n<p><img alt=\"Đảo Hải Tặc chap 2 - Trang 1\" src=\"http://i221.ntcdntempv3.com/data/images/9169/266192/001.jpg?data=net\" /></p>\r\n\r\n<p><img alt=\"Đảo Hải Tặc chap 2 - Trang 2\" src=\"http://i221.ntcdntempv3.com/data/images/9169/266192/002.jpg?data=net\" /></p>\r\n\r\n<p><img alt=\"Đảo Hải Tặc chap 2 - Trang 3\" src=\"http://i221.ntcdntempv3.com/data/images/9169/266192/003.jpg?data=net\" /></p>\r\n\r\n<p><img alt=\"Đảo Hải Tặc chap 2 - Trang 4\" src=\"http://i221.ntcdntempv3.com/data/images/9169/266192/004.jpg?data=net\" /></p>\r\n\r\n<p><img alt=\"Đảo Hải Tặc chap 2 - Trang 5\" src=\"http://i221.ntcdntempv3.com/data/images/9169/266192/005.jpg?data=net\" /></p>\r\n\r\n<p><img alt=\"Đảo Hải Tặc chap 2 - Trang 6\" src=\"http://i221.ntcdntempv3.com/data/images/9169/266192/006.jpg?data=net\" /></p>\r\n\r\n<p><img alt=\"Đảo Hải Tặc chap 2 - Trang 7\" src=\"http://i221.ntcdntempv3.com/data/images/9169/266192/007.jpg?data=net\" /></p>\r\n\r\n<p><img alt=\"Đảo Hải Tặc chap 2 - Trang 8\" src=\"http://i221.ntcdntempv3.com/data/images/9169/266192/008.jpg?data=net\" /></p>\r\n\r\n<p><img alt=\"Đảo Hải Tặc chap 2 - Trang 9\" src=\"http://i221.ntcdntempv3.com/data/images/9169/266192/009.jpg?data=net\" /></p>\r\n\r\n<p><img alt=\"Đảo Hải Tặc chap 2 - Trang 10\" src=\"http://i221.ntcdntempv3.com/data/images/9169/266192/010.jpg?data=net\" /></p>\r\n\r\n<p><img alt=\"Đảo Hải Tặc chap 2 - Trang 11\" src=\"http://i221.ntcdntempv3.com/data/images/9169/266192/011.jpg?data=net\" /></p>\r\n\r\n<p><img alt=\"Đảo Hải Tặc chap 2 - Trang 12\" src=\"http://i221.ntcdntempv3.com/data/images/9169/266192/012.jpg?data=net\" /></p>\r\n\r\n<p><img alt=\"Đảo Hải Tặc chap 2 - Trang 13\" src=\"http://i221.ntcdntempv3.com/data/images/9169/266192/013.jpg?data=net\" /></p>\r\n\r\n<p><img alt=\"Đảo Hải Tặc chap 2 - Trang 14\" src=\"http://i221.ntcdntempv3.com/data/images/9169/266192/014.jpg?data=net\" /></p>\r\n\r\n<p><img alt=\"Đảo Hải Tặc chap 2 - Trang 15\" src=\"http://i221.ntcdntempv3.com/data/images/9169/266192/015.jpg?data=net\" /></p>\r\n\r\n<p><img alt=\"Đảo Hải Tặc chap 2 - Trang 16\" src=\"http://i221.ntcdntempv3.com/data/images/9169/266192/016.jpg?data=net\" /></p>\r\n\r\n<p><img alt=\"Đảo Hải Tặc chap 2 - Trang 17\" src=\"http://i221.ntcdntempv3.com/data/images/9169/266192/017.jpg?data=net\" /></p>\r\n\r\n<p><img alt=\"Đảo Hải Tặc chap 2 - Trang 18\" src=\"http://i221.ntcdntempv3.com/data/images/9169/266192/018.jpg?data=net\" /></p>\r\n\r\n<p><img alt=\"Đảo Hải Tặc chap 2 - Trang 19\" src=\"http://i221.ntcdntempv3.com/data/images/9169/266192/019.jpg?data=net\" /></p>\r\n\r\n<p><img alt=\"Đảo Hải Tặc chap 2 - Trang 20\" src=\"http://i221.ntcdntempv3.com/data/images/9169/266192/020.jpg?data=net\" /></p>\r\n\r\n<p><img alt=\"Đảo Hải Tặc chap 2 - Trang 21\" src=\"http://i221.ntcdntempv3.com/data/images/9169/266192/021.jpg?data=net\" /></p>\r\n\r\n<p><img alt=\"Đảo Hải Tặc chap 2 - Trang 22\" src=\"http://i221.ntcdntempv3.com/data/images/9169/266192/022.jpg?data=net\" /></p>\r\n\r\n<p><img alt=\"Đảo Hải Tặc chap 2 - Trang 23\" src=\"http://i221.ntcdntempv3.com/data/images/9169/266192/023.jpg?data=net\" /></p>\r\n\r\n<ul>\r\n</ul>', 0, 'dao-hai-tac-chapter-2'),
(9, 10, 'Đảo Hải Tặc - Chapter 3', 'Chiến tranh nổ ra', '<p>&nbsp;</p>\r\n\r\n<p><img alt=\"Đảo Hải Tặc chap 3 - Trang 1\" src=\"http://i441.ntcdntempv26.com/data/images/9169/170737/001-fix.jpg?data=net\" /></p>\r\n\r\n<p><img alt=\"Đảo Hải Tặc chap 3 - Trang 2\" src=\"http://i441.ntcdntempv26.com/data/images/9169/170737/002-fix.jpg?data=net\" /></p>\r\n\r\n<p><img alt=\"Đảo Hải Tặc chap 3 - Trang 3\" src=\"http://i441.ntcdntempv26.com/data/images/9169/170737/003-fix.jpg?data=net\" /></p>\r\n\r\n<p><img alt=\"Đảo Hải Tặc chap 3 - Trang 4\" src=\"http://i441.ntcdntempv26.com/data/images/9169/170737/004-fix.jpg?data=net\" /></p>\r\n\r\n<p><img alt=\"Đảo Hải Tặc chap 3 - Trang 5\" src=\"http://i441.ntcdntempv26.com/data/images/9169/170737/005-fix.jpg?data=net\" /></p>\r\n\r\n<p><img alt=\"Đảo Hải Tặc chap 3 - Trang 6\" src=\"http://i441.ntcdntempv26.com/data/images/9169/170737/006-fix.jpg?data=net\" /></p>\r\n\r\n<p><img alt=\"Đảo Hải Tặc chap 3 - Trang 7\" src=\"http://i441.ntcdntempv26.com/data/images/9169/170737/007-fix.jpg?data=net\" /></p>\r\n\r\n<p><img alt=\"Đảo Hải Tặc chap 3 - Trang 8\" src=\"http://i441.ntcdntempv26.com/data/images/9169/170737/008-fix.jpg?data=net\" /></p>\r\n\r\n<p><img alt=\"Đảo Hải Tặc chap 3 - Trang 9\" src=\"http://i441.ntcdntempv26.com/data/images/9169/170737/009-fix.jpg?data=net\" /></p>\r\n\r\n<p><img alt=\"Đảo Hải Tặc chap 3 - Trang 10\" src=\"http://i441.ntcdntempv26.com/data/images/9169/170737/010-fix.jpg?data=net\" /></p>\r\n\r\n<p><img alt=\"Đảo Hải Tặc chap 3 - Trang 11\" src=\"http://i441.ntcdntempv26.com/data/images/9169/170737/011-fix.jpg?data=net\" /></p>\r\n\r\n<p><img alt=\"Đảo Hải Tặc chap 3 - Trang 12\" src=\"http://i441.ntcdntempv26.com/data/images/9169/170737/012-fix.jpg?data=net\" /></p>\r\n\r\n<p><img alt=\"Đảo Hải Tặc chap 3 - Trang 13\" src=\"http://i441.ntcdntempv26.com/data/images/9169/170737/013-fix.jpg?data=net\" /></p>\r\n\r\n<p><img alt=\"Đảo Hải Tặc chap 3 - Trang 14\" src=\"http://i441.ntcdntempv26.com/data/images/9169/170737/014-fix.jpg?data=net\" /></p>\r\n\r\n<p><img alt=\"Đảo Hải Tặc chap 3 - Trang 15\" src=\"http://i441.ntcdntempv26.com/data/images/9169/170737/015-fix.jpg?data=net\" /></p>\r\n\r\n<p><img alt=\"Đảo Hải Tặc chap 3 - Trang 16\" src=\"http://i441.ntcdntempv26.com/data/images/9169/170737/016-fix.jpg?data=net\" /></p>\r\n\r\n<p><img alt=\"Đảo Hải Tặc chap 3 - Trang 17\" src=\"http://i441.ntcdntempv26.com/data/images/9169/170737/017-fix.jpg?data=net\" /></p>\r\n\r\n<p><img alt=\"Đảo Hải Tặc chap 3 - Trang 18\" src=\"http://i441.ntcdntempv26.com/data/images/9169/170737/018-fix.jpg?data=net\" /></p>\r\n\r\n<p><img alt=\"Đảo Hải Tặc chap 3 - Trang 19\" src=\"http://i441.ntcdntempv26.com/data/images/9169/170737/019-fix.jpg?data=net\" /></p>\r\n\r\n<p><img alt=\"Đảo Hải Tặc chap 3 - Trang 20\" src=\"http://i441.ntcdntempv26.com/data/images/9169/170737/020-fix.jpg?data=net\" /></p>\r\n\r\n<p><img alt=\"Đảo Hải Tặc chap 3 - Trang 21\" src=\"http://i441.ntcdntempv26.com/data/images/9169/170737/021-fix.jpg?data=net\" /></p>\r\n\r\n<p><img alt=\"Đảo Hải Tặc chap 3 - Trang 22\" src=\"http://i441.ntcdntempv26.com/data/images/9169/170737/022-fix.jpg?data=net\" /></p>\r\n\r\n<ul>\r\n</ul>', 0, 'dao-hai-tac-chapter-3'),
(10, 9, 'Cửu Vĩ Hồ Ly Màu - Chapter 1', 'Khởi đầu', '<p>&nbsp;</p>\r\n\r\n<p><img alt=\"Cửu Vĩ Hồ Ly Màu chap 1 - Trang 1\" src=\"http://i331.ntcdntempv26.com/data/images/23583/485422/001-fix.jpg?data=net\" /></p>\r\n\r\n<p><img alt=\"Cửu Vĩ Hồ Ly Màu chap 1 - Trang 2\" src=\"http://i331.ntcdntempv26.com/data/images/23583/485422/002-fix.jpg?data=net\" /></p>\r\n\r\n<p><img alt=\"Cửu Vĩ Hồ Ly Màu chap 1 - Trang 3\" src=\"http://i331.ntcdntempv26.com/data/images/23583/485422/003-fix.jpg?data=net\" /></p>\r\n\r\n<p><img alt=\"Cửu Vĩ Hồ Ly Màu chap 1 - Trang 4\" src=\"http://i331.ntcdntempv26.com/data/images/23583/485422/004-fix.jpg?data=net\" /></p>\r\n\r\n<p><img alt=\"Cửu Vĩ Hồ Ly Màu chap 1 - Trang 5\" src=\"http://i331.ntcdntempv26.com/data/images/23583/485422/005-fix.jpg?data=net\" /></p>\r\n\r\n<p><img alt=\"Cửu Vĩ Hồ Ly Màu chap 1 - Trang 6\" src=\"http://i331.ntcdntempv26.com/data/images/23583/485422/006-fix.jpg?data=net\" /></p>\r\n\r\n<p><img alt=\"Cửu Vĩ Hồ Ly Màu chap 1 - Trang 7\" src=\"http://i331.ntcdntempv26.com/data/images/23583/485422/007-fix.jpg?data=net\" /></p>\r\n\r\n<p><img alt=\"Cửu Vĩ Hồ Ly Màu chap 1 - Trang 8\" src=\"http://i331.ntcdntempv26.com/data/images/23583/485422/008-fix.jpg?data=net\" /></p>\r\n\r\n<p><img alt=\"Cửu Vĩ Hồ Ly Màu chap 1 - Trang 9\" src=\"http://i331.ntcdntempv26.com/data/images/23583/485422/009-fix.jpg?data=net\" /></p>\r\n\r\n<p><img alt=\"Cửu Vĩ Hồ Ly Màu chap 1 - Trang 10\" src=\"http://i331.ntcdntempv26.com/data/images/23583/485422/010-fix.jpg?data=net\" /></p>\r\n\r\n<p><img alt=\"Cửu Vĩ Hồ Ly Màu chap 1 - Trang 11\" src=\"http://i331.ntcdntempv26.com/data/images/23583/485422/011-fix.jpg?data=net\" /></p>\r\n\r\n<p><img alt=\"Cửu Vĩ Hồ Ly Màu chap 1 - Trang 12\" src=\"http://i331.ntcdntempv26.com/data/images/23583/485422/012-fix.jpg?data=net\" /></p>\r\n\r\n<p><img alt=\"Cửu Vĩ Hồ Ly Màu chap 1 - Trang 13\" src=\"http://i331.ntcdntempv26.com/data/images/23583/485422/013-fix.jpg?data=net\" /></p>\r\n\r\n<p><img alt=\"Cửu Vĩ Hồ Ly Màu chap 1 - Trang 14\" src=\"http://i331.ntcdntempv26.com/data/images/23583/485422/014-fix.jpg?data=net\" /></p>\r\n\r\n<p><img alt=\"Cửu Vĩ Hồ Ly Màu chap 1 - Trang 15\" src=\"http://i331.ntcdntempv26.com/data/images/23583/485422/015-fix.jpg?data=net\" /></p>\r\n\r\n<p><img alt=\"Cửu Vĩ Hồ Ly Màu chap 1 - Trang 16\" src=\"http://i331.ntcdntempv26.com/data/images/23583/485422/016-fix.jpg?data=net\" /></p>\r\n\r\n<p><img alt=\"Cửu Vĩ Hồ Ly Màu chap 1 - Trang 17\" src=\"http://i331.ntcdntempv26.com/data/images/23583/485422/017-fix.jpg?data=net\" /></p>\r\n\r\n<p><img alt=\"Cửu Vĩ Hồ Ly Màu chap 1 - Trang 18\" src=\"http://i331.ntcdntempv26.com/data/images/23583/485422/018-fix.jpg?data=net\" /></p>\r\n\r\n<p><img alt=\"Cửu Vĩ Hồ Ly Màu chap 1 - Trang 19\" src=\"http://i331.ntcdntempv26.com/data/images/23583/485422/019-fix.jpg?data=net\" /></p>\r\n\r\n<p><img alt=\"Cửu Vĩ Hồ Ly Màu chap 1 - Trang 20\" src=\"http://i331.ntcdntempv26.com/data/images/23583/485422/020-fix.jpg?data=net\" /></p>\r\n\r\n<p><img alt=\"Cửu Vĩ Hồ Ly Màu chap 1 - Trang 21\" src=\"http://i331.ntcdntempv26.com/data/images/23583/485422/021-fix.jpg?data=net\" /></p>\r\n\r\n<p><img alt=\"Cửu Vĩ Hồ Ly Màu chap 1 - Trang 22\" src=\"http://i331.ntcdntempv26.com/data/images/23583/485422/022-fix.jpg?data=net\" /></p>\r\n\r\n<p><img alt=\"Cửu Vĩ Hồ Ly Màu chap 1 - Trang 23\" src=\"http://i331.ntcdntempv26.com/data/images/23583/485422/023-fix.jpg?data=net\" /></p>\r\n\r\n<p><img alt=\"Cửu Vĩ Hồ Ly Màu chap 1 - Trang 24\" src=\"http://i331.ntcdntempv26.com/data/images/23583/485422/024-fix.jpg?data=net\" /></p>\r\n\r\n<p><img alt=\"Cửu Vĩ Hồ Ly Màu chap 1 - Trang 25\" src=\"http://i331.ntcdntempv26.com/data/images/23583/485422/025-fix.jpg?data=net\" /></p>\r\n\r\n<p><img alt=\"Cửu Vĩ Hồ Ly Màu chap 1 - Trang 26\" src=\"http://i331.ntcdntempv26.com/data/images/23583/485422/026-fix.jpg?data=net\" /></p>\r\n\r\n<p><img alt=\"Cửu Vĩ Hồ Ly Màu chap 1 - Trang 27\" src=\"http://i331.ntcdntempv26.com/data/images/23583/485422/027-fix.jpg?data=net\" /></p>\r\n\r\n<p><img alt=\"Cửu Vĩ Hồ Ly Màu chap 1 - Trang 28\" src=\"http://i331.ntcdntempv26.com/data/images/23583/485422/028-fix.jpg?data=net\" /></p>\r\n\r\n<p><img alt=\"Cửu Vĩ Hồ Ly Màu chap 1 - Trang 29\" src=\"http://i331.ntcdntempv26.com/data/images/23583/485422/029-fix.jpg?data=net\" /></p>\r\n\r\n<p><img alt=\"Cửu Vĩ Hồ Ly Màu chap 1 - Trang 30\" src=\"http://i331.ntcdntempv26.com/data/images/23583/485422/030-fix.jpg?data=net\" /></p>\r\n\r\n<p><img alt=\"Cửu Vĩ Hồ Ly Màu chap 1 - Trang 31\" src=\"http://i331.ntcdntempv26.com/data/images/23583/485422/031-fix.jpg?data=net\" /></p>\r\n\r\n<p><img alt=\"Cửu Vĩ Hồ Ly Màu chap 1 - Trang 32\" src=\"http://i331.ntcdntempv26.com/data/images/23583/485422/032-fix.jpg?data=net\" /></p>\r\n\r\n<p><img alt=\"Cửu Vĩ Hồ Ly Màu chap 1 - Trang 33\" src=\"http://i331.ntcdntempv26.com/data/images/23583/485422/033-fix.jpg?data=net\" /></p>\r\n\r\n<p><img alt=\"Cửu Vĩ Hồ Ly Màu chap 1 - Trang 34\" src=\"http://i331.ntcdntempv26.com/data/images/23583/485422/034-fix.jpg?data=net\" /></p>\r\n\r\n<p><img alt=\"Cửu Vĩ Hồ Ly Màu chap 1 - Trang 35\" src=\"http://i331.ntcdntempv26.com/data/images/23583/485422/035-fix.jpg?data=net\" /></p>\r\n\r\n<p><img alt=\"Cửu Vĩ Hồ Ly Màu chap 1 - Trang 36\" src=\"http://i331.ntcdntempv26.com/data/images/23583/485422/036-fix.jpg?data=net\" /></p>\r\n\r\n<p><img alt=\"Cửu Vĩ Hồ Ly Màu chap 1 - Trang 37\" src=\"http://i331.ntcdntempv26.com/data/images/23583/485422/037-fix.jpg?data=net\" /></p>\r\n\r\n<p><img alt=\"Cửu Vĩ Hồ Ly Màu chap 1 - Trang 38\" src=\"http://i331.ntcdntempv26.com/data/images/23583/485422/038-fix.jpg?data=net\" /></p>\r\n\r\n<p><img alt=\"Cửu Vĩ Hồ Ly Màu chap 1 - Trang 39\" src=\"http://i331.ntcdntempv26.com/data/images/23583/485422/039-fix.jpg?data=net\" /></p>\r\n\r\n<p><img alt=\"Cửu Vĩ Hồ Ly Màu chap 1 - Trang 40\" src=\"http://i331.ntcdntempv26.com/data/images/23583/485422/040-fix.jpg?data=net\" /></p>\r\n\r\n<p><img alt=\"Cửu Vĩ Hồ Ly Màu chap 1 - Trang 41\" src=\"http://i331.ntcdntempv26.com/data/images/23583/485422/041-fix.jpg?data=net\" /></p>\r\n\r\n<p><img alt=\"Cửu Vĩ Hồ Ly Màu chap 1 - Trang 42\" src=\"http://i331.ntcdntempv26.com/data/images/23583/485422/042-fix.jpg?data=net\" /></p>\r\n\r\n<p><img alt=\"Cửu Vĩ Hồ Ly Màu chap 1 - Trang 43\" src=\"http://i331.ntcdntempv26.com/data/images/23583/485422/043-fix.jpg?data=net\" /></p>\r\n\r\n<p><img alt=\"Cửu Vĩ Hồ Ly Màu chap 1 - Trang 44\" src=\"http://i331.ntcdntempv26.com/data/images/23583/485422/044-fix.jpg?data=net\" /></p>\r\n\r\n<p><img alt=\"Cửu Vĩ Hồ Ly Màu chap 1 - Trang 45\" src=\"http://i331.ntcdntempv26.com/data/images/23583/485422/045-fix.jpg?data=net\" /></p>\r\n\r\n<p><img alt=\"Cửu Vĩ Hồ Ly Màu chap 1 - Trang 46\" src=\"http://i331.ntcdntempv26.com/data/images/23583/485422/046-fix.jpg?data=net\" /></p>\r\n\r\n<p><img alt=\"Cửu Vĩ Hồ Ly Màu chap 1 - Trang 47\" src=\"http://i331.ntcdntempv26.com/data/images/23583/485422/047-fix.jpg?data=net\" /></p>\r\n\r\n<p><img alt=\"Cửu Vĩ Hồ Ly Màu chap 1 - Trang 48\" src=\"http://i331.ntcdntempv26.com/data/images/23583/485422/048-fix.jpg?data=net\" /></p>\r\n\r\n<p><img alt=\"Cửu Vĩ Hồ Ly Màu chap 1 - Trang 49\" src=\"http://i331.ntcdntempv26.com/data/images/23583/485422/049-fix.jpg?data=net\" /></p>\r\n\r\n<p><img alt=\"Cửu Vĩ Hồ Ly Màu chap 1 - Trang 50\" src=\"http://i331.ntcdntempv26.com/data/images/23583/485422/050-fix.jpg?data=net\" /></p>\r\n\r\n<p><img alt=\"Cửu Vĩ Hồ Ly Màu chap 1 - Trang 51\" src=\"http://i331.ntcdntempv26.com/data/images/23583/485422/051-fix.jpg?data=net\" /></p>\r\n\r\n<p><img alt=\"Cửu Vĩ Hồ Ly Màu chap 1 - Trang 52\" src=\"http://i331.ntcdntempv26.com/data/images/23583/485422/052-fix.jpg?data=net\" /></p>\r\n\r\n<p><img alt=\"Cửu Vĩ Hồ Ly Màu chap 1 - Trang 53\" src=\"http://i331.ntcdntempv26.com/data/images/23583/485422/053-fix.jpg?data=net\" /></p>\r\n\r\n<p><img alt=\"Cửu Vĩ Hồ Ly Màu chap 1 - Trang 54\" src=\"http://i331.ntcdntempv26.com/data/images/23583/485422/054-fix.jpg?data=net\" /></p>\r\n\r\n<p><img alt=\"Cửu Vĩ Hồ Ly Màu chap 1 - Trang 55\" src=\"http://i331.ntcdntempv26.com/data/images/23583/485422/055-fix.jpg?data=net\" /></p>\r\n\r\n<p><img alt=\"Cửu Vĩ Hồ Ly Màu chap 1 - Trang 56\" src=\"http://i331.ntcdntempv26.com/data/images/23583/485422/056-fix.jpg?data=net\" /></p>\r\n\r\n<p><img alt=\"Cửu Vĩ Hồ Ly Màu chap 1 - Trang 57\" src=\"http://i331.ntcdntempv26.com/data/images/23583/485422/057-fix.jpg?data=net\" /></p>\r\n\r\n<p><img alt=\"Cửu Vĩ Hồ Ly Màu chap 1 - Trang 58\" src=\"http://i331.ntcdntempv26.com/data/images/23583/485422/058-fix.jpg?data=net\" /></p>\r\n\r\n<p><img alt=\"Cửu Vĩ Hồ Ly Màu chap 1 - Trang 59\" src=\"http://i331.ntcdntempv26.com/data/images/23583/485422/059-fix.jpg?data=net\" /></p>\r\n\r\n<ul>\r\n</ul>', 0, 'cuu-vi-ho-ly-mau-chapter-1'),
(11, 9, 'Cửu Vĩ Hồ Ly Màu - Chapter 2', 'SỰ ghẻ lạnh', '<p>&nbsp;</p>\r\n\r\n<p><img alt=\"Cửu Vĩ Hồ Ly Màu chap 2 - Trang 1\" src=\"http://i332.ntcdntempv26.com/data/images/23583/482063/001-fix.jpg?data=net\" /></p>\r\n\r\n<p><img alt=\"Cửu Vĩ Hồ Ly Màu chap 2 - Trang 2\" src=\"http://i332.ntcdntempv26.com/data/images/23583/482063/002-fix.jpg?data=net\" /></p>\r\n\r\n<p><img alt=\"Cửu Vĩ Hồ Ly Màu chap 2 - Trang 3\" src=\"http://i332.ntcdntempv26.com/data/images/23583/482063/003-fix.jpg?data=net\" /></p>\r\n\r\n<p><img alt=\"Cửu Vĩ Hồ Ly Màu chap 2 - Trang 4\" src=\"http://i332.ntcdntempv26.com/data/images/23583/482063/004-fix.jpg?data=net\" /></p>\r\n\r\n<p><img alt=\"Cửu Vĩ Hồ Ly Màu chap 2 - Trang 5\" src=\"http://i332.ntcdntempv26.com/data/images/23583/482063/005-fix.jpg?data=net\" /></p>\r\n\r\n<p><img alt=\"Cửu Vĩ Hồ Ly Màu chap 2 - Trang 6\" src=\"http://i332.ntcdntempv26.com/data/images/23583/482063/006-fix.jpg?data=net\" /></p>\r\n\r\n<p><img alt=\"Cửu Vĩ Hồ Ly Màu chap 2 - Trang 7\" src=\"http://i332.ntcdntempv26.com/data/images/23583/482063/007-fix.jpg?data=net\" /></p>\r\n\r\n<p><img alt=\"Cửu Vĩ Hồ Ly Màu chap 2 - Trang 8\" src=\"http://i332.ntcdntempv26.com/data/images/23583/482063/008-fix.jpg?data=net\" /></p>\r\n\r\n<p><img alt=\"Cửu Vĩ Hồ Ly Màu chap 2 - Trang 9\" src=\"http://i332.ntcdntempv26.com/data/images/23583/482063/009-fix.jpg?data=net\" /></p>\r\n\r\n<p><img alt=\"Cửu Vĩ Hồ Ly Màu chap 2 - Trang 10\" src=\"http://i332.ntcdntempv26.com/data/images/23583/482063/010-fix.jpg?data=net\" /></p>\r\n\r\n<p><img alt=\"Cửu Vĩ Hồ Ly Màu chap 2 - Trang 11\" src=\"http://i332.ntcdntempv26.com/data/images/23583/482063/011-fix.jpg?data=net\" /></p>\r\n\r\n<p><img alt=\"Cửu Vĩ Hồ Ly Màu chap 2 - Trang 12\" src=\"http://i332.ntcdntempv26.com/data/images/23583/482063/012-fix.jpg?data=net\" /></p>\r\n\r\n<p><img alt=\"Cửu Vĩ Hồ Ly Màu chap 2 - Trang 13\" src=\"http://i332.ntcdntempv26.com/data/images/23583/482063/013-fix.jpg?data=net\" /></p>\r\n\r\n<p><img alt=\"Cửu Vĩ Hồ Ly Màu chap 2 - Trang 14\" src=\"http://i332.ntcdntempv26.com/data/images/23583/482063/014-fix.jpg?data=net\" /></p>\r\n\r\n<p><img alt=\"Cửu Vĩ Hồ Ly Màu chap 2 - Trang 15\" src=\"http://i332.ntcdntempv26.com/data/images/23583/482063/015-fix.jpg?data=net\" /></p>\r\n\r\n<p><img alt=\"Cửu Vĩ Hồ Ly Màu chap 2 - Trang 16\" src=\"http://i332.ntcdntempv26.com/data/images/23583/482063/016-fix.jpg?data=net\" /></p>\r\n\r\n<p><img alt=\"Cửu Vĩ Hồ Ly Màu chap 2 - Trang 17\" src=\"http://i332.ntcdntempv26.com/data/images/23583/482063/017-fix.jpg?data=net\" /></p>\r\n\r\n<p><img alt=\"Cửu Vĩ Hồ Ly Màu chap 2 - Trang 18\" src=\"http://i332.ntcdntempv26.com/data/images/23583/482063/018-fix.jpg?data=net\" /></p>\r\n\r\n<p><img alt=\"Cửu Vĩ Hồ Ly Màu chap 2 - Trang 19\" src=\"http://i332.ntcdntempv26.com/data/images/23583/482063/019-fix.jpg?data=net\" /></p>\r\n\r\n<p><img alt=\"Cửu Vĩ Hồ Ly Màu chap 2 - Trang 20\" src=\"http://i332.ntcdntempv26.com/data/images/23583/482063/020-fix.jpg?data=net\" /></p>\r\n\r\n<p><img alt=\"Cửu Vĩ Hồ Ly Màu chap 2 - Trang 21\" src=\"http://i332.ntcdntempv26.com/data/images/23583/482063/021-fix.jpg?data=net\" /></p>\r\n\r\n<p><img alt=\"Cửu Vĩ Hồ Ly Màu chap 2 - Trang 22\" src=\"http://i332.ntcdntempv26.com/data/images/23583/482063/022-fix.jpg?data=net\" /></p>\r\n\r\n<p><img alt=\"Cửu Vĩ Hồ Ly Màu chap 2 - Trang 23\" src=\"http://i332.ntcdntempv26.com/data/images/23583/482063/023-fix.jpg?data=net\" /></p>\r\n\r\n<p><img alt=\"Cửu Vĩ Hồ Ly Màu chap 2 - Trang 24\" src=\"http://i332.ntcdntempv26.com/data/images/23583/482063/024-fix.jpg?data=net\" /></p>\r\n\r\n<ul>\r\n</ul>', 0, 'cuu-vi-ho-ly-mau-chapter-2');
INSERT INTO `chapter` (`id`, `truyen_id`, `tieude`, `tomtat`, `noidung`, `kichhoat`, `slug_chapter`) VALUES
(12, 9, 'Cửu Vĩ Hồ Ly Màu - Chapter 3', 'Muốn được công nhận', '<p>&nbsp;</p>\r\n\r\n<p><img alt=\"Cửu Vĩ Hồ Ly Màu chap 3 - Trang 1\" src=\"http://i332.ntcdntempv26.com/data/images/23583/482064/001.jpg?data=net\" /></p>\r\n\r\n<p><img alt=\"Cửu Vĩ Hồ Ly Màu chap 3 - Trang 2\" src=\"http://i332.ntcdntempv26.com/data/images/23583/482064/002.jpg?data=net\" /></p>\r\n\r\n<p><img alt=\"Cửu Vĩ Hồ Ly Màu chap 3 - Trang 3\" src=\"http://i332.ntcdntempv26.com/data/images/23583/482064/003.jpg?data=net\" /></p>\r\n\r\n<p><img alt=\"Cửu Vĩ Hồ Ly Màu chap 3 - Trang 4\" src=\"http://i332.ntcdntempv26.com/data/images/23583/482064/004.jpg?data=net\" /></p>\r\n\r\n<p><img alt=\"Cửu Vĩ Hồ Ly Màu chap 3 - Trang 5\" src=\"http://i332.ntcdntempv26.com/data/images/23583/482064/005.jpg?data=net\" /></p>\r\n\r\n<p><img alt=\"Cửu Vĩ Hồ Ly Màu chap 3 - Trang 6\" src=\"http://i332.ntcdntempv26.com/data/images/23583/482064/006.jpg?data=net\" /></p>\r\n\r\n<p><img alt=\"Cửu Vĩ Hồ Ly Màu chap 3 - Trang 7\" src=\"http://i332.ntcdntempv26.com/data/images/23583/482064/007.jpg?data=net\" /></p>\r\n\r\n<p><img alt=\"Cửu Vĩ Hồ Ly Màu chap 3 - Trang 8\" src=\"http://i332.ntcdntempv26.com/data/images/23583/482064/008.jpg?data=net\" /></p>\r\n\r\n<p><img alt=\"Cửu Vĩ Hồ Ly Màu chap 3 - Trang 9\" src=\"http://i332.ntcdntempv26.com/data/images/23583/482064/009.jpg?data=net\" /></p>\r\n\r\n<p><img alt=\"Cửu Vĩ Hồ Ly Màu chap 3 - Trang 10\" src=\"http://i332.ntcdntempv26.com/data/images/23583/482064/010.jpg?data=net\" /></p>\r\n\r\n<p><img alt=\"Cửu Vĩ Hồ Ly Màu chap 3 - Trang 11\" src=\"http://i332.ntcdntempv26.com/data/images/23583/482064/011.jpg?data=net\" /></p>\r\n\r\n<p><img alt=\"Cửu Vĩ Hồ Ly Màu chap 3 - Trang 12\" src=\"http://i332.ntcdntempv26.com/data/images/23583/482064/012.jpg?data=net\" /></p>\r\n\r\n<p><img alt=\"Cửu Vĩ Hồ Ly Màu chap 3 - Trang 13\" src=\"http://i332.ntcdntempv26.com/data/images/23583/482064/013.jpg?data=net\" /></p>\r\n\r\n<p><img alt=\"Cửu Vĩ Hồ Ly Màu chap 3 - Trang 14\" src=\"http://i332.ntcdntempv26.com/data/images/23583/482064/014.jpg?data=net\" /></p>\r\n\r\n<p><img alt=\"Cửu Vĩ Hồ Ly Màu chap 3 - Trang 15\" src=\"http://i332.ntcdntempv26.com/data/images/23583/482064/015.jpg?data=net\" /></p>\r\n\r\n<p><img alt=\"Cửu Vĩ Hồ Ly Màu chap 3 - Trang 16\" src=\"http://i332.ntcdntempv26.com/data/images/23583/482064/016.jpg?data=net\" /></p>\r\n\r\n<p><img alt=\"Cửu Vĩ Hồ Ly Màu chap 3 - Trang 17\" src=\"http://i332.ntcdntempv26.com/data/images/23583/482064/017.jpg?data=net\" /></p>\r\n\r\n<p><img alt=\"Cửu Vĩ Hồ Ly Màu chap 3 - Trang 18\" src=\"http://i332.ntcdntempv26.com/data/images/23583/482064/018.jpg?data=net\" /></p>\r\n\r\n<p><img alt=\"Cửu Vĩ Hồ Ly Màu chap 3 - Trang 19\" src=\"http://i332.ntcdntempv26.com/data/images/23583/482064/019.jpg?data=net\" /></p>\r\n\r\n<p><img alt=\"Cửu Vĩ Hồ Ly Màu chap 3 - Trang 20\" src=\"http://i332.ntcdntempv26.com/data/images/23583/482064/020.jpg?data=net\" /></p>\r\n\r\n<p><img alt=\"Cửu Vĩ Hồ Ly Màu chap 3 - Trang 21\" src=\"http://i332.ntcdntempv26.com/data/images/23583/482064/021.jpg?data=net\" /></p>\r\n\r\n<p><img alt=\"Cửu Vĩ Hồ Ly Màu chap 3 - Trang 22\" src=\"http://i332.ntcdntempv26.com/data/images/23583/482064/022.jpg?data=net\" /></p>\r\n\r\n<p><img alt=\"Cửu Vĩ Hồ Ly Màu chap 3 - Trang 23\" src=\"http://i332.ntcdntempv26.com/data/images/23583/482064/023.jpg?data=net\" /></p>\r\n\r\n<p><img alt=\"Cửu Vĩ Hồ Ly Màu chap 3 - Trang 24\" src=\"http://i332.ntcdntempv26.com/data/images/23583/482064/024.jpg?data=net\" /></p>\r\n\r\n<p><img alt=\"Cửu Vĩ Hồ Ly Màu chap 3 - Trang 25\" src=\"http://i332.ntcdntempv26.com/data/images/23583/482064/025.jpg?data=net\" /></p>\r\n\r\n<ul>\r\n</ul>', 0, 'cuu-vi-ho-ly-mau-chapter-3'),
(13, 7, 'Đại chiến Titan - Before the fall - Chapter 0', 'Chiên tranh bùng nổ', '<p>&nbsp;</p>\r\n\r\n<p><img alt=\"Đại chiến Titan - Before the fall chap 0 - Trang 1\" src=\"http://i115.ntcdntempv3.com/data/images/3891/55881/001-fix.jpg?data=net\" /></p>\r\n\r\n<p><img alt=\"Đại chiến Titan - Before the fall chap 0 - Trang 2\" src=\"http://i115.ntcdntempv3.com/data/images/3891/55881/002-fix.jpg?data=net\" /></p>\r\n\r\n<p><img alt=\"Đại chiến Titan - Before the fall chap 0 - Trang 3\" src=\"http://i115.ntcdntempv3.com/data/images/3891/55881/003-fix.jpg?data=net\" /></p>\r\n\r\n<p><img alt=\"Đại chiến Titan - Before the fall chap 0 - Trang 4\" src=\"http://i115.ntcdntempv3.com/data/images/3891/55881/004-fix.jpg?data=net\" /></p>\r\n\r\n<p><img alt=\"Đại chiến Titan - Before the fall chap 0 - Trang 5\" src=\"http://i115.ntcdntempv3.com/data/images/3891/55881/005-fix.jpg?data=net\" /></p>\r\n\r\n<p><img alt=\"Đại chiến Titan - Before the fall chap 0 - Trang 6\" src=\"http://i115.ntcdntempv3.com/data/images/3891/55881/006-fix.jpg?data=net\" /></p>\r\n\r\n<p><img alt=\"Đại chiến Titan - Before the fall chap 0 - Trang 7\" src=\"http://i115.ntcdntempv3.com/data/images/3891/55881/007-fix.jpg?data=net\" /></p>\r\n\r\n<p><img alt=\"Đại chiến Titan - Before the fall chap 0 - Trang 8\" src=\"http://i115.ntcdntempv3.com/data/images/3891/55881/008-fix.jpg?data=net\" /></p>\r\n\r\n<p><img alt=\"Đại chiến Titan - Before the fall chap 0 - Trang 9\" src=\"http://i115.ntcdntempv3.com/data/images/3891/55881/009-fix.jpg?data=net\" /></p>\r\n\r\n<p><img alt=\"Đại chiến Titan - Before the fall chap 0 - Trang 10\" src=\"http://i115.ntcdntempv3.com/data/images/3891/55881/010-fix.jpg?data=net\" /></p>\r\n\r\n<p><img alt=\"Đại chiến Titan - Before the fall chap 0 - Trang 11\" src=\"http://i115.ntcdntempv3.com/data/images/3891/55881/011-fix.jpg?data=net\" /></p>\r\n\r\n<ul>\r\n</ul>', 0, 'dai-chien-titan-before-the-fall-chapter-0'),
(14, 7, 'Đại chiến Titan - Before the fall - Chapter 1', 'Sự khởi đầu cho cuộc nội chiến', '<p><img alt=\"Đại chiến Titan - Before the fall chap 1 - Trang 1\" src=\"http://i115.ntcdntempv3.com/data/images/3891/55882/001-fix.jpg?data=net\" /></p>\r\n\r\n<p><img alt=\"Đại chiến Titan - Before the fall chap 1 - Trang 2\" src=\"http://i115.ntcdntempv3.com/data/images/3891/55882/002-fix.jpg?data=net\" /></p>\r\n\r\n<p><img alt=\"Đại chiến Titan - Before the fall chap 1 - Trang 3\" src=\"http://i115.ntcdntempv3.com/data/images/3891/55882/003-fix.jpg?data=net\" /></p>\r\n\r\n<p><img alt=\"Đại chiến Titan - Before the fall chap 1 - Trang 4\" src=\"http://i115.ntcdntempv3.com/data/images/3891/55882/004-fix.jpg?data=net\" /></p>\r\n\r\n<p><img alt=\"Đại chiến Titan - Before the fall chap 1 - Trang 5\" src=\"http://i115.ntcdntempv3.com/data/images/3891/55882/005-fix.jpg?data=net\" /></p>\r\n\r\n<p><img alt=\"Đại chiến Titan - Before the fall chap 1 - Trang 6\" src=\"http://i115.ntcdntempv3.com/data/images/3891/55882/006-fix.jpg?data=net\" /></p>\r\n\r\n<p><img alt=\"Đại chiến Titan - Before the fall chap 1 - Trang 7\" src=\"http://i115.ntcdntempv3.com/data/images/3891/55882/007-fix.jpg?data=net\" /></p>\r\n\r\n<p><img alt=\"Đại chiến Titan - Before the fall chap 1 - Trang 8\" src=\"http://i115.ntcdntempv3.com/data/images/3891/55882/008-fix.jpg?data=net\" /></p>\r\n\r\n<p><img alt=\"Đại chiến Titan - Before the fall chap 1 - Trang 9\" src=\"http://i115.ntcdntempv3.com/data/images/3891/55882/009-fix.jpg?data=net\" /></p>\r\n\r\n<p><img alt=\"Đại chiến Titan - Before the fall chap 1 - Trang 10\" src=\"http://i115.ntcdntempv3.com/data/images/3891/55882/010-fix.jpg?data=net\" /></p>\r\n\r\n<p><img alt=\"Đại chiến Titan - Before the fall chap 1 - Trang 11\" src=\"http://i115.ntcdntempv3.com/data/images/3891/55882/011-fix.jpg?data=net\" /></p>\r\n\r\n<p><img alt=\"Đại chiến Titan - Before the fall chap 1 - Trang 12\" src=\"http://i115.ntcdntempv3.com/data/images/3891/55882/012-fix.jpg?data=net\" /></p>\r\n\r\n<p><img alt=\"Đại chiến Titan - Before the fall chap 1 - Trang 13\" src=\"http://i115.ntcdntempv3.com/data/images/3891/55882/013-fix.jpg?data=net\" /></p>\r\n\r\n<p><img alt=\"Đại chiến Titan - Before the fall chap 1 - Trang 14\" src=\"http://i115.ntcdntempv3.com/data/images/3891/55882/014-fix.jpg?data=net\" /></p>\r\n\r\n<p><img alt=\"Đại chiến Titan - Before the fall chap 1 - Trang 15\" src=\"http://i115.ntcdntempv3.com/data/images/3891/55882/015-fix.jpg?data=net\" /></p>\r\n\r\n<p><img alt=\"Đại chiến Titan - Before the fall chap 1 - Trang 16\" src=\"http://i115.ntcdntempv3.com/data/images/3891/55882/016-fix.jpg?data=net\" /></p>\r\n\r\n<p><img alt=\"Đại chiến Titan - Before the fall chap 1 - Trang 17\" src=\"http://i115.ntcdntempv3.com/data/images/3891/55882/017-fix.jpg?data=net\" /></p>\r\n\r\n<p><img alt=\"Đại chiến Titan - Before the fall chap 1 - Trang 18\" src=\"http://i115.ntcdntempv3.com/data/images/3891/55882/018-fix.jpg?data=net\" /></p>\r\n\r\n<p><img alt=\"Đại chiến Titan - Before the fall chap 1 - Trang 19\" src=\"http://i115.ntcdntempv3.com/data/images/3891/55882/019-fix.jpg?data=net\" /></p>\r\n\r\n<p><img alt=\"Đại chiến Titan - Before the fall chap 1 - Trang 20\" src=\"http://i115.ntcdntempv3.com/data/images/3891/55882/020-fix.jpg?data=net\" /></p>\r\n\r\n<p><img alt=\"Đại chiến Titan - Before the fall chap 1 - Trang 21\" src=\"http://i115.ntcdntempv3.com/data/images/3891/55882/021-fix.jpg?data=net\" /></p>\r\n\r\n<p><img alt=\"Đại chiến Titan - Before the fall chap 1 - Trang 22\" src=\"http://i115.ntcdntempv3.com/data/images/3891/55882/022-fix.jpg?data=net\" /></p>\r\n\r\n<p><img alt=\"Đại chiến Titan - Before the fall chap 1 - Trang 23\" src=\"http://i115.ntcdntempv3.com/data/images/3891/55882/023-fix.jpg?data=net\" /></p>\r\n\r\n<p><img alt=\"Đại chiến Titan - Before the fall chap 1 - Trang 24\" src=\"http://i115.ntcdntempv3.com/data/images/3891/55882/024-fix.jpg?data=net\" /></p>\r\n\r\n<p><img alt=\"Đại chiến Titan - Before the fall chap 1 - Trang 25\" src=\"http://i115.ntcdntempv3.com/data/images/3891/55882/025-fix.jpg?data=net\" /></p>\r\n\r\n<p><img alt=\"Đại chiến Titan - Before the fall chap 1 - Trang 26\" src=\"http://i115.ntcdntempv3.com/data/images/3891/55882/026-fix.jpg?data=net\" /></p>\r\n\r\n<p><img alt=\"Đại chiến Titan - Before the fall chap 1 - Trang 27\" src=\"http://i115.ntcdntempv3.com/data/images/3891/55882/027-fix.jpg?data=net\" /></p>\r\n\r\n<p><img alt=\"Đại chiến Titan - Before the fall chap 1 - Trang 28\" src=\"http://i115.ntcdntempv3.com/data/images/3891/55882/028-fix.jpg?data=net\" /></p>\r\n\r\n<p><img alt=\"Đại chiến Titan - Before the fall chap 1 - Trang 29\" src=\"http://i115.ntcdntempv3.com/data/images/3891/55882/029-fix.jpg?data=net\" /></p>\r\n\r\n<p><img alt=\"Đại chiến Titan - Before the fall chap 1 - Trang 30\" src=\"http://i115.ntcdntempv3.com/data/images/3891/55882/030-fix.jpg?data=net\" /></p>\r\n\r\n<p><img alt=\"Đại chiến Titan - Before the fall chap 1 - Trang 31\" src=\"http://i115.ntcdntempv3.com/data/images/3891/55882/031-fix.jpg?data=net\" /></p>\r\n\r\n<p><img alt=\"Đại chiến Titan - Before the fall chap 1 - Trang 32\" src=\"http://i115.ntcdntempv3.com/data/images/3891/55882/032-fix.jpg?data=net\" /></p>\r\n\r\n<p><img alt=\"Đại chiến Titan - Before the fall chap 1 - Trang 33\" src=\"http://i115.ntcdntempv3.com/data/images/3891/55882/033-fix.jpg?data=net\" /></p>\r\n\r\n<p><img alt=\"Đại chiến Titan - Before the fall chap 1 - Trang 34\" src=\"http://i115.ntcdntempv3.com/data/images/3891/55882/034-fix.jpg?data=net\" /></p>\r\n\r\n<p><img alt=\"Đại chiến Titan - Before the fall chap 1 - Trang 35\" src=\"http://i115.ntcdntempv3.com/data/images/3891/55882/035-fix.jpg?data=net\" /></p>\r\n\r\n<p><img alt=\"Đại chiến Titan - Before the fall chap 1 - Trang 36\" src=\"http://i115.ntcdntempv3.com/data/images/3891/55882/036-fix.jpg?data=net\" /></p>\r\n\r\n<p><img alt=\"Đại chiến Titan - Before the fall chap 1 - Trang 37\" src=\"http://i115.ntcdntempv3.com/data/images/3891/55882/037-fix.jpg?data=net\" /></p>\r\n\r\n<p><img alt=\"Đại chiến Titan - Before the fall chap 1 - Trang 38\" src=\"http://i115.ntcdntempv3.com/data/images/3891/55882/038-fix.jpg?data=net\" /></p>\r\n\r\n<p><img alt=\"Đại chiến Titan - Before the fall chap 1 - Trang 39\" src=\"http://i115.ntcdntempv3.com/data/images/3891/55882/039-fix.jpg?data=net\" /></p>\r\n\r\n<p><img alt=\"Đại chiến Titan - Before the fall chap 1 - Trang 40\" src=\"http://i115.ntcdntempv3.com/data/images/3891/55882/040-fix.jpg?data=net\" /></p>\r\n\r\n<p><img alt=\"Đại chiến Titan - Before the fall chap 1 - Trang 41\" src=\"http://i115.ntcdntempv3.com/data/images/3891/55882/041-fix.jpg?data=net\" /></p>\r\n\r\n<p><img alt=\"Đại chiến Titan - Before the fall chap 1 - Trang 42\" src=\"http://i115.ntcdntempv3.com/data/images/3891/55882/042-fix.jpg?data=net\" /></p>\r\n\r\n<p><img alt=\"Đại chiến Titan - Before the fall chap 1 - Trang 43\" src=\"http://i115.ntcdntempv3.com/data/images/3891/55882/043-fix.jpg?data=net\" /></p>\r\n\r\n<p><img alt=\"Đại chiến Titan - Before the fall chap 1 - Trang 44\" src=\"http://i115.ntcdntempv3.com/data/images/3891/55882/044-fix.jpg?data=net\" /></p>\r\n\r\n<p><img alt=\"Đại chiến Titan - Before the fall chap 1 - Trang 45\" src=\"http://i115.ntcdntempv3.com/data/images/3891/55882/045-fix.jpg?data=net\" /></p>\r\n\r\n<p><img alt=\"Đại chiến Titan - Before the fall chap 1 - Trang 46\" src=\"http://i115.ntcdntempv3.com/data/images/3891/55882/046-fix.jpg?data=net\" /></p>\r\n\r\n<p><img alt=\"Đại chiến Titan - Before the fall chap 1 - Trang 47\" src=\"http://i115.ntcdntempv3.com/data/images/3891/55882/047-fix.jpg?data=net\" /></p>\r\n\r\n<p><img alt=\"Đại chiến Titan - Before the fall chap 1 - Trang 48\" src=\"http://i115.ntcdntempv3.com/data/images/3891/55882/048-fix.jpg?data=net\" /></p>\r\n\r\n<p><img alt=\"Đại chiến Titan - Before the fall chap 1 - Trang 49\" src=\"http://i115.ntcdntempv3.com/data/images/3891/55882/049-fix.jpg?data=net\" /></p>\r\n\r\n<p><img alt=\"Đại chiến Titan - Before the fall chap 1 - Trang 50\" src=\"http://i115.ntcdntempv3.com/data/images/3891/55882/050-fix.jpg?data=net\" /></p>\r\n\r\n<p><img alt=\"Đại chiến Titan - Before the fall chap 1 - Trang 51\" src=\"http://i115.ntcdntempv3.com/data/images/3891/55882/051-fix.jpg?data=net\" /></p>\r\n\r\n<ul>\r\n	<li>&nbsp;</li>\r\n</ul>', 0, 'dai-chien-titan-before-the-fall-chapter-1'),
(15, 7, 'Đại chiến Titan - Before the fall - Chapter 2', 'Eren nổi giận', '<p>&nbsp;</p>\r\n\r\n<p><img alt=\"Đại chiến Titan - Before the fall chap 2 - Trang 1\" src=\"http://i115.ntcdntempv3.com/data/images/3891/55883/001-fix.jpg?data=net\" /></p>\r\n\r\n<p><img alt=\"Đại chiến Titan - Before the fall chap 2 - Trang 2\" src=\"http://i115.ntcdntempv3.com/data/images/3891/55883/002-fix.jpg?data=net\" /></p>\r\n\r\n<p><img alt=\"Đại chiến Titan - Before the fall chap 2 - Trang 3\" src=\"http://i115.ntcdntempv3.com/data/images/3891/55883/003-fix.jpg?data=net\" /></p>\r\n\r\n<p><img alt=\"Đại chiến Titan - Before the fall chap 2 - Trang 4\" src=\"http://i115.ntcdntempv3.com/data/images/3891/55883/004-fix.jpg?data=net\" /></p>\r\n\r\n<p><img alt=\"Đại chiến Titan - Before the fall chap 2 - Trang 5\" src=\"http://i115.ntcdntempv3.com/data/images/3891/55883/005-fix.jpg?data=net\" /></p>\r\n\r\n<p><img alt=\"Đại chiến Titan - Before the fall chap 2 - Trang 6\" src=\"http://i115.ntcdntempv3.com/data/images/3891/55883/006-fix.jpg?data=net\" /></p>\r\n\r\n<p><img alt=\"Đại chiến Titan - Before the fall chap 2 - Trang 7\" src=\"http://i115.ntcdntempv3.com/data/images/3891/55883/007-fix.jpg?data=net\" /></p>\r\n\r\n<p><img alt=\"Đại chiến Titan - Before the fall chap 2 - Trang 8\" src=\"http://i115.ntcdntempv3.com/data/images/3891/55883/008-fix.jpg?data=net\" /></p>\r\n\r\n<p><img alt=\"Đại chiến Titan - Before the fall chap 2 - Trang 9\" src=\"http://i115.ntcdntempv3.com/data/images/3891/55883/009-fix.jpg?data=net\" /></p>\r\n\r\n<p><img alt=\"Đại chiến Titan - Before the fall chap 2 - Trang 10\" src=\"http://i115.ntcdntempv3.com/data/images/3891/55883/010-fix.jpg?data=net\" /></p>\r\n\r\n<p><img alt=\"Đại chiến Titan - Before the fall chap 2 - Trang 11\" src=\"http://i115.ntcdntempv3.com/data/images/3891/55883/011-fix.jpg?data=net\" /></p>\r\n\r\n<p><img alt=\"Đại chiến Titan - Before the fall chap 2 - Trang 12\" src=\"http://i115.ntcdntempv3.com/data/images/3891/55883/012-fix.jpg?data=net\" /></p>\r\n\r\n<p><img alt=\"Đại chiến Titan - Before the fall chap 2 - Trang 13\" src=\"http://i115.ntcdntempv3.com/data/images/3891/55883/013-fix.jpg?data=net\" /></p>\r\n\r\n<p><img alt=\"Đại chiến Titan - Before the fall chap 2 - Trang 14\" src=\"http://i115.ntcdntempv3.com/data/images/3891/55883/014-fix.jpg?data=net\" /></p>\r\n\r\n<p><img alt=\"Đại chiến Titan - Before the fall chap 2 - Trang 15\" src=\"http://i115.ntcdntempv3.com/data/images/3891/55883/015-fix.jpg?data=net\" /></p>\r\n\r\n<p><img alt=\"Đại chiến Titan - Before the fall chap 2 - Trang 16\" src=\"http://i115.ntcdntempv3.com/data/images/3891/55883/016-fix.jpg?data=net\" /></p>\r\n\r\n<p><img alt=\"Đại chiến Titan - Before the fall chap 2 - Trang 17\" src=\"http://i115.ntcdntempv3.com/data/images/3891/55883/017-fix.jpg?data=net\" /></p>\r\n\r\n<p><img alt=\"Đại chiến Titan - Before the fall chap 2 - Trang 18\" src=\"http://i115.ntcdntempv3.com/data/images/3891/55883/018-fix.jpg?data=net\" /></p>\r\n\r\n<p><img alt=\"Đại chiến Titan - Before the fall chap 2 - Trang 19\" src=\"http://i115.ntcdntempv3.com/data/images/3891/55883/019-fix.jpg?data=net\" /></p>\r\n\r\n<p><img alt=\"Đại chiến Titan - Before the fall chap 2 - Trang 20\" src=\"http://i115.ntcdntempv3.com/data/images/3891/55883/020-fix.jpg?data=net\" /></p>\r\n\r\n<p><img alt=\"Đại chiến Titan - Before the fall chap 2 - Trang 21\" src=\"http://i115.ntcdntempv3.com/data/images/3891/55883/021-fix.jpg?data=net\" /></p>\r\n\r\n<p><img alt=\"Đại chiến Titan - Before the fall chap 2 - Trang 22\" src=\"http://i115.ntcdntempv3.com/data/images/3891/55883/022-fix.jpg?data=net\" /></p>\r\n\r\n<p><img alt=\"Đại chiến Titan - Before the fall chap 2 - Trang 23\" src=\"http://i115.ntcdntempv3.com/data/images/3891/55883/023-fix.jpg?data=net\" /></p>\r\n\r\n<p><img alt=\"Đại chiến Titan - Before the fall chap 2 - Trang 24\" src=\"http://i115.ntcdntempv3.com/data/images/3891/55883/024-fix.jpg?data=net\" /></p>\r\n\r\n<p><img alt=\"Đại chiến Titan - Before the fall chap 2 - Trang 25\" src=\"http://i115.ntcdntempv3.com/data/images/3891/55883/025-fix.jpg?data=net\" /></p>\r\n\r\n<p><img alt=\"Đại chiến Titan - Before the fall chap 2 - Trang 26\" src=\"http://i115.ntcdntempv3.com/data/images/3891/55883/026-fix.jpg?data=net\" /></p>\r\n\r\n<p><img alt=\"Đại chiến Titan - Before the fall chap 2 - Trang 27\" src=\"http://i115.ntcdntempv3.com/data/images/3891/55883/027-fix.jpg?data=net\" /></p>\r\n\r\n<p><img alt=\"Đại chiến Titan - Before the fall chap 2 - Trang 28\" src=\"http://i115.ntcdntempv3.com/data/images/3891/55883/028-fix.jpg?data=net\" /></p>\r\n\r\n<p><img alt=\"Đại chiến Titan - Before the fall chap 2 - Trang 29\" src=\"http://i115.ntcdntempv3.com/data/images/3891/55883/029-fix.jpg?data=net\" /></p>\r\n\r\n<p><img alt=\"Đại chiến Titan - Before the fall chap 2 - Trang 30\" src=\"http://i115.ntcdntempv3.com/data/images/3891/55883/030-fix.jpg?data=net\" /></p>\r\n\r\n<p><img alt=\"Đại chiến Titan - Before the fall chap 2 - Trang 31\" src=\"http://i115.ntcdntempv3.com/data/images/3891/55883/031-fix.jpg?data=net\" /></p>\r\n\r\n<p><img alt=\"Đại chiến Titan - Before the fall chap 2 - Trang 32\" src=\"http://i115.ntcdntempv3.com/data/images/3891/55883/032-fix.jpg?data=net\" /></p>\r\n\r\n<p><img alt=\"Đại chiến Titan - Before the fall chap 2 - Trang 33\" src=\"http://i115.ntcdntempv3.com/data/images/3891/55883/033-fix.jpg?data=net\" /></p>\r\n\r\n<p><img alt=\"Đại chiến Titan - Before the fall chap 2 - Trang 34\" src=\"http://i115.ntcdntempv3.com/data/images/3891/55883/034-fix.jpg?data=net\" /></p>\r\n\r\n<p><img alt=\"Đại chiến Titan - Before the fall chap 2 - Trang 35\" src=\"http://i115.ntcdntempv3.com/data/images/3891/55883/035-fix.jpg?data=net\" /></p>\r\n\r\n<p><img alt=\"Đại chiến Titan - Before the fall chap 2 - Trang 36\" src=\"http://i115.ntcdntempv3.com/data/images/3891/55883/036-fix.jpg?data=net\" /></p>\r\n\r\n<p><img alt=\"Đại chiến Titan - Before the fall chap 2 - Trang 37\" src=\"http://i115.ntcdntempv3.com/data/images/3891/55883/037-fix.jpg?data=net\" /></p>\r\n\r\n<p><img alt=\"Đại chiến Titan - Before the fall chap 2 - Trang 38\" src=\"http://i115.ntcdntempv3.com/data/images/3891/55883/038-fix.jpg?data=net\" /></p>\r\n\r\n<p><img alt=\"Đại chiến Titan - Before the fall chap 2 - Trang 39\" src=\"http://i115.ntcdntempv3.com/data/images/3891/55883/039-fix.jpg?data=net\" /></p>\r\n\r\n<p><img alt=\"Đại chiến Titan - Before the fall chap 2 - Trang 40\" src=\"http://i115.ntcdntempv3.com/data/images/3891/55883/040-fix.jpg?data=net\" /></p>\r\n\r\n<p><img alt=\"Đại chiến Titan - Before the fall chap 2 - Trang 41\" src=\"http://i115.ntcdntempv3.com/data/images/3891/55883/041-fix.jpg?data=net\" /></p>\r\n\r\n<p><img alt=\"Đại chiến Titan - Before the fall chap 2 - Trang 42\" src=\"http://i115.ntcdntempv3.com/data/images/3891/55883/042-fix.jpg?data=net\" /></p>\r\n\r\n<p><img alt=\"Đại chiến Titan - Before the fall chap 2 - Trang 43\" src=\"http://i115.ntcdntempv3.com/data/images/3891/55883/043-fix.jpg?data=net\" /></p>\r\n\r\n<p><img alt=\"Đại chiến Titan - Before the fall chap 2 - Trang 44\" src=\"http://i115.ntcdntempv3.com/data/images/3891/55883/044-fix.jpg?data=net\" /></p>\r\n\r\n<p><img alt=\"Đại chiến Titan - Before the fall chap 2 - Trang 45\" src=\"http://i115.ntcdntempv3.com/data/images/3891/55883/045-fix.jpg?data=net\" /></p>\r\n\r\n<p><img alt=\"Đại chiến Titan - Before the fall chap 2 - Trang 46\" src=\"http://i115.ntcdntempv3.com/data/images/3891/55883/046-fix.jpg?data=net\" /></p>\r\n\r\n<p><img alt=\"Đại chiến Titan - Before the fall chap 2 - Trang 47\" src=\"http://i115.ntcdntempv3.com/data/images/3891/55883/047-fix.jpg?data=net\" /></p>\r\n\r\n<p><img alt=\"Đại chiến Titan - Before the fall chap 2 - Trang 48\" src=\"http://i115.ntcdntempv3.com/data/images/3891/55883/048-fix.jpg?data=net\" /></p>\r\n\r\n<ul>\r\n	<li>&nbsp;</li>\r\n</ul>', 0, 'dai-chien-titan-before-the-fall-chapter-2'),
(16, 6, 'Gia Đình Điệp Viên - Chapter 1', 'TIết lộ thân phận', '<p>&nbsp;</p>\r\n\r\n<p><img alt=\"Gia Đình Điệp Viên chap 1 - Trang 1\" src=\"http://i331.ntcdntempv26.com/data/images/21922/459596/001-fix.jpg?data=net\" /></p>\r\n\r\n<p><img alt=\"Gia Đình Điệp Viên chap 1 - Trang 2\" src=\"http://i331.ntcdntempv26.com/data/images/21922/459596/002-fix.jpg?data=net\" /></p>\r\n\r\n<p><img alt=\"Gia Đình Điệp Viên chap 1 - Trang 3\" src=\"http://i331.ntcdntempv26.com/data/images/21922/459596/003-fix.jpg?data=net\" /></p>\r\n\r\n<p><img alt=\"Gia Đình Điệp Viên chap 1 - Trang 4\" src=\"http://i331.ntcdntempv26.com/data/images/21922/459596/004-fix.jpg?data=net\" /></p>\r\n\r\n<p><img alt=\"Gia Đình Điệp Viên chap 1 - Trang 5\" src=\"http://i331.ntcdntempv26.com/data/images/21922/459596/005-fix.jpg?data=net\" /></p>\r\n\r\n<p><img alt=\"Gia Đình Điệp Viên chap 1 - Trang 6\" src=\"http://i331.ntcdntempv26.com/data/images/21922/459596/006-fix.jpg?data=net\" /></p>\r\n\r\n<p><img alt=\"Gia Đình Điệp Viên chap 1 - Trang 7\" src=\"http://i331.ntcdntempv26.com/data/images/21922/459596/007-fix.jpg?data=net\" /></p>\r\n\r\n<p><img alt=\"Gia Đình Điệp Viên chap 1 - Trang 8\" src=\"http://i331.ntcdntempv26.com/data/images/21922/459596/008-fix.jpg?data=net\" /></p>\r\n\r\n<p><img alt=\"Gia Đình Điệp Viên chap 1 - Trang 9\" src=\"http://i331.ntcdntempv26.com/data/images/21922/459596/009-fix.jpg?data=net\" /></p>\r\n\r\n<p><img alt=\"Gia Đình Điệp Viên chap 1 - Trang 10\" src=\"http://i331.ntcdntempv26.com/data/images/21922/459596/010-fix.jpg?data=net\" /></p>\r\n\r\n<p><img alt=\"Gia Đình Điệp Viên chap 1 - Trang 11\" src=\"http://i331.ntcdntempv26.com/data/images/21922/459596/011-fix.jpg?data=net\" /></p>\r\n\r\n<p><img alt=\"Gia Đình Điệp Viên chap 1 - Trang 12\" src=\"http://i331.ntcdntempv26.com/data/images/21922/459596/012-fix.jpg?data=net\" /></p>\r\n\r\n<p><img alt=\"Gia Đình Điệp Viên chap 1 - Trang 13\" src=\"http://i331.ntcdntempv26.com/data/images/21922/459596/013-fix.jpg?data=net\" /></p>\r\n\r\n<p><img alt=\"Gia Đình Điệp Viên chap 1 - Trang 14\" src=\"http://i331.ntcdntempv26.com/data/images/21922/459596/014-fix.jpg?data=net\" /></p>\r\n\r\n<p><img alt=\"Gia Đình Điệp Viên chap 1 - Trang 15\" src=\"http://i331.ntcdntempv26.com/data/images/21922/459596/015-fix.jpg?data=net\" /></p>\r\n\r\n<p><img alt=\"Gia Đình Điệp Viên chap 1 - Trang 16\" src=\"http://i331.ntcdntempv26.com/data/images/21922/459596/016-fix.jpg?data=net\" /></p>\r\n\r\n<p><img alt=\"Gia Đình Điệp Viên chap 1 - Trang 17\" src=\"http://i331.ntcdntempv26.com/data/images/21922/459596/017-fix.jpg?data=net\" /></p>\r\n\r\n<p><img alt=\"Gia Đình Điệp Viên chap 1 - Trang 18\" src=\"http://i331.ntcdntempv26.com/data/images/21922/459596/018-fix.jpg?data=net\" /></p>\r\n\r\n<p><img alt=\"Gia Đình Điệp Viên chap 1 - Trang 19\" src=\"http://i331.ntcdntempv26.com/data/images/21922/459596/019-fix.jpg?data=net\" /></p>\r\n\r\n<p><img alt=\"Gia Đình Điệp Viên chap 1 - Trang 20\" src=\"http://i331.ntcdntempv26.com/data/images/21922/459596/020-fix.jpg?data=net\" /></p>\r\n\r\n<p><img alt=\"Gia Đình Điệp Viên chap 1 - Trang 21\" src=\"http://i331.ntcdntempv26.com/data/images/21922/459596/021-fix.jpg?data=net\" /></p>\r\n\r\n<p><img alt=\"Gia Đình Điệp Viên chap 1 - Trang 22\" src=\"http://i331.ntcdntempv26.com/data/images/21922/459596/022-fix.jpg?data=net\" /></p>\r\n\r\n<p><img alt=\"Gia Đình Điệp Viên chap 1 - Trang 23\" src=\"http://i331.ntcdntempv26.com/data/images/21922/459596/023-fix.jpg?data=net\" /></p>\r\n\r\n<p><img alt=\"Gia Đình Điệp Viên chap 1 - Trang 24\" src=\"http://i331.ntcdntempv26.com/data/images/21922/459596/024-fix.jpg?data=net\" /></p>\r\n\r\n<p><img alt=\"Gia Đình Điệp Viên chap 1 - Trang 25\" src=\"http://i331.ntcdntempv26.com/data/images/21922/459596/025-fix.jpg?data=net\" /></p>\r\n\r\n<p><img alt=\"Gia Đình Điệp Viên chap 1 - Trang 26\" src=\"http://i331.ntcdntempv26.com/data/images/21922/459596/026-fix.jpg?data=net\" /></p>\r\n\r\n<p><img alt=\"Gia Đình Điệp Viên chap 1 - Trang 27\" src=\"http://i331.ntcdntempv26.com/data/images/21922/459596/027-fix.jpg?data=net\" /></p>\r\n\r\n<p><img alt=\"Gia Đình Điệp Viên chap 1 - Trang 28\" src=\"http://i331.ntcdntempv26.com/data/images/21922/459596/028-fix.jpg?data=net\" /></p>\r\n\r\n<p><img alt=\"Gia Đình Điệp Viên chap 1 - Trang 29\" src=\"http://i331.ntcdntempv26.com/data/images/21922/459596/029-fix.jpg?data=net\" /></p>\r\n\r\n<p><img alt=\"Gia Đình Điệp Viên chap 1 - Trang 30\" src=\"http://i331.ntcdntempv26.com/data/images/21922/459596/030-fix.jpg?data=net\" /></p>\r\n\r\n<p><img alt=\"Gia Đình Điệp Viên chap 1 - Trang 31\" src=\"http://i331.ntcdntempv26.com/data/images/21922/459596/031-fix.jpg?data=net\" /></p>\r\n\r\n<p><img alt=\"Gia Đình Điệp Viên chap 1 - Trang 32\" src=\"http://i331.ntcdntempv26.com/data/images/21922/459596/032-fix.jpg?data=net\" /></p>\r\n\r\n<p><img alt=\"Gia Đình Điệp Viên chap 1 - Trang 33\" src=\"http://i331.ntcdntempv26.com/data/images/21922/459596/033-fix.jpg?data=net\" /></p>\r\n\r\n<p><img alt=\"Gia Đình Điệp Viên chap 1 - Trang 34\" src=\"http://i331.ntcdntempv26.com/data/images/21922/459596/034-fix.jpg?data=net\" /></p>\r\n\r\n<p><img alt=\"Gia Đình Điệp Viên chap 1 - Trang 35\" src=\"http://i331.ntcdntempv26.com/data/images/21922/459596/035-fix.jpg?data=net\" /></p>\r\n\r\n<p><img alt=\"Gia Đình Điệp Viên chap 1 - Trang 36\" src=\"http://i331.ntcdntempv26.com/data/images/21922/459596/036-fix.jpg?data=net\" /></p>\r\n\r\n<p><img alt=\"Gia Đình Điệp Viên chap 1 - Trang 37\" src=\"http://i331.ntcdntempv26.com/data/images/21922/459596/037-fix.jpg?data=net\" /></p>\r\n\r\n<p><img alt=\"Gia Đình Điệp Viên chap 1 - Trang 38\" src=\"http://i331.ntcdntempv26.com/data/images/21922/459596/038-fix.jpg?data=net\" /></p>\r\n\r\n<p><img alt=\"Gia Đình Điệp Viên chap 1 - Trang 39\" src=\"http://i331.ntcdntempv26.com/data/images/21922/459596/039-fix.jpg?data=net\" /></p>\r\n\r\n<p><img alt=\"Gia Đình Điệp Viên chap 1 - Trang 40\" src=\"http://i331.ntcdntempv26.com/data/images/21922/459596/040-fix.jpg?data=net\" /></p>\r\n\r\n<p><img alt=\"Gia Đình Điệp Viên chap 1 - Trang 41\" src=\"http://i331.ntcdntempv26.com/data/images/21922/459596/041-fix.jpg?data=net\" /></p>\r\n\r\n<p><img alt=\"Gia Đình Điệp Viên chap 1 - Trang 42\" src=\"http://i331.ntcdntempv26.com/data/images/21922/459596/042-fix.jpg?data=net\" /></p>\r\n\r\n<p><img alt=\"Gia Đình Điệp Viên chap 1 - Trang 43\" src=\"http://i331.ntcdntempv26.com/data/images/21922/459596/043-fix.jpg?data=net\" /></p>\r\n\r\n<p><img alt=\"Gia Đình Điệp Viên chap 1 - Trang 44\" src=\"http://i331.ntcdntempv26.com/data/images/21922/459596/044-fix.jpg?data=net\" /></p>\r\n\r\n<p><img alt=\"Gia Đình Điệp Viên chap 1 - Trang 45\" src=\"http://i331.ntcdntempv26.com/data/images/21922/459596/045-fix.jpg?data=net\" /></p>\r\n\r\n<p><img alt=\"Gia Đình Điệp Viên chap 1 - Trang 46\" src=\"http://i331.ntcdntempv26.com/data/images/21922/459596/046-fix.jpg?data=net\" /></p>\r\n\r\n<p><img alt=\"Gia Đình Điệp Viên chap 1 - Trang 47\" src=\"http://i331.ntcdntempv26.com/data/images/21922/459596/047-fix.jpg?data=net\" /></p>\r\n\r\n<p><img alt=\"Gia Đình Điệp Viên chap 1 - Trang 48\" src=\"http://i331.ntcdntempv26.com/data/images/21922/459596/048-fix.jpg?data=net\" /></p>\r\n\r\n<p><img alt=\"Gia Đình Điệp Viên chap 1 - Trang 49\" src=\"http://i331.ntcdntempv26.com/data/images/21922/459596/049-fix.jpg?data=net\" /></p>\r\n\r\n<p><img alt=\"Gia Đình Điệp Viên chap 1 - Trang 50\" src=\"http://i331.ntcdntempv26.com/data/images/21922/459596/050-fix.jpg?data=net\" /></p>\r\n\r\n<p><img alt=\"Gia Đình Điệp Viên chap 1 - Trang 51\" src=\"http://i331.ntcdntempv26.com/data/images/21922/459596/051-fix.jpg?data=net\" /></p>\r\n\r\n<p><img alt=\"Gia Đình Điệp Viên chap 1 - Trang 52\" src=\"http://i331.ntcdntempv26.com/data/images/21922/459596/052-fix.jpg?data=net\" /></p>\r\n\r\n<p><img alt=\"Gia Đình Điệp Viên chap 1 - Trang 53\" src=\"http://i331.ntcdntempv26.com/data/images/21922/459596/053-fix.jpg?data=net\" /></p>\r\n\r\n<p><img alt=\"Gia Đình Điệp Viên chap 1 - Trang 54\" src=\"http://i331.ntcdntempv26.com/data/images/21922/459596/054-fix.jpg?data=net\" /></p>\r\n\r\n<p><img alt=\"Gia Đình Điệp Viên chap 1 - Trang 55\" src=\"http://i331.ntcdntempv26.com/data/images/21922/459596/055-fix.jpg?data=net\" /></p>\r\n\r\n<p><img alt=\"Gia Đình Điệp Viên chap 1 - Trang 56\" src=\"http://i331.ntcdntempv26.com/data/images/21922/459596/056-fix.jpg?data=net\" /></p>\r\n\r\n<p><img alt=\"Gia Đình Điệp Viên chap 1 - Trang 57\" src=\"http://i331.ntcdntempv26.com/data/images/21922/459596/057-fix.jpg?data=net\" /></p>\r\n\r\n<p><img alt=\"Gia Đình Điệp Viên chap 1 - Trang 58\" src=\"http://i331.ntcdntempv26.com/data/images/21922/459596/058-fix.jpg?data=net\" /></p>\r\n\r\n<p><img alt=\"Gia Đình Điệp Viên chap 1 - Trang 59\" src=\"http://i331.ntcdntempv26.com/data/images/21922/459596/059-fix.jpg?data=net\" /></p>\r\n\r\n<p><img alt=\"Gia Đình Điệp Viên chap 1 - Trang 60\" src=\"http://i331.ntcdntempv26.com/data/images/21922/459596/060-fix.jpg?data=net\" /></p>\r\n\r\n<p><img alt=\"Gia Đình Điệp Viên chap 1 - Trang 61\" src=\"http://i331.ntcdntempv26.com/data/images/21922/459596/061-fix.jpg?data=net\" /></p>\r\n\r\n<p><img alt=\"Gia Đình Điệp Viên chap 1 - Trang 62\" src=\"http://i331.ntcdntempv26.com/data/images/21922/459596/062-fix.jpg?data=net\" /></p>\r\n\r\n<p><img alt=\"Gia Đình Điệp Viên chap 1 - Trang 63\" src=\"http://i331.ntcdntempv26.com/data/images/21922/459596/063-fix.jpg?data=net\" /></p>\r\n\r\n<p><img alt=\"Gia Đình Điệp Viên chap 1 - Trang 64\" src=\"http://i331.ntcdntempv26.com/data/images/21922/459596/064-fix.jpg?data=net\" /></p>\r\n\r\n<p><img alt=\"Gia Đình Điệp Viên chap 1 - Trang 65\" src=\"http://i331.ntcdntempv26.com/data/images/21922/459596/065-fix.jpg?data=net\" /></p>\r\n\r\n<p><img alt=\"Gia Đình Điệp Viên chap 1 - Trang 66\" src=\"http://i331.ntcdntempv26.com/data/images/21922/459596/066-fix.jpg?data=net\" /></p>\r\n\r\n<p><img alt=\"Gia Đình Điệp Viên chap 1 - Trang 67\" src=\"http://i331.ntcdntempv26.com/data/images/21922/459596/067-fix.jpg?data=net\" /></p>\r\n\r\n<p><img alt=\"Gia Đình Điệp Viên chap 1 - Trang 68\" src=\"http://i331.ntcdntempv26.com/data/images/21922/459596/068-fix.jpg?data=net\" /></p>\r\n\r\n<p><img alt=\"Gia Đình Điệp Viên chap 1 - Trang 69\" src=\"http://i331.ntcdntempv26.com/data/images/21922/459596/069-fix.jpg?data=net\" /></p>\r\n\r\n<p><img alt=\"Gia Đình Điệp Viên chap 1 - Trang 70\" src=\"http://i331.ntcdntempv26.com/data/images/21922/459596/070-fix.jpg?data=net\" /></p>\r\n\r\n<p><img alt=\"Gia Đình Điệp Viên chap 1 - Trang 71\" src=\"http://i331.ntcdntempv26.com/data/images/21922/459596/071-fix.jpg?data=net\" /></p>\r\n\r\n<p><img alt=\"Gia Đình Điệp Viên chap 1 - Trang 72\" src=\"http://i331.ntcdntempv26.com/data/images/21922/459596/072-fix.jpg?data=net\" /></p>\r\n\r\n<ul>\r\n</ul>', 0, 'gia-dinh-diep-vien-chapter-1'),
(17, 6, 'Gia Đình Điệp Viên - Chapter 2', 'Đi kiếm vợ', '<p>&nbsp;</p>\r\n\r\n<p><img alt=\"Gia Đình Điệp Viên chap 2 - Trang 2\" src=\"http://i332.ntcdntempv26.com/data/images/21922/460869/002-fix.jpg?data=net\" /></p>\r\n\r\n<p><img alt=\"Gia Đình Điệp Viên chap 2 - Trang 3\" src=\"http://i332.ntcdntempv26.com/data/images/21922/460869/003-fix.jpg?data=net\" /></p>\r\n\r\n<p><img alt=\"Gia Đình Điệp Viên chap 2 - Trang 4\" src=\"http://i332.ntcdntempv26.com/data/images/21922/460869/004-fix.jpg?data=net\" /></p>\r\n\r\n<p><img alt=\"Gia Đình Điệp Viên chap 2 - Trang 5\" src=\"http://i332.ntcdntempv26.com/data/images/21922/460869/005-fix.jpg?data=net\" /></p>\r\n\r\n<p><img alt=\"Gia Đình Điệp Viên chap 2 - Trang 6\" src=\"http://i332.ntcdntempv26.com/data/images/21922/460869/006-fix.jpg?data=net\" /></p>\r\n\r\n<p><img alt=\"Gia Đình Điệp Viên chap 2 - Trang 7\" src=\"http://i332.ntcdntempv26.com/data/images/21922/460869/007-fix.jpg?data=net\" /></p>\r\n\r\n<p><img alt=\"Gia Đình Điệp Viên chap 2 - Trang 8\" src=\"http://i332.ntcdntempv26.com/data/images/21922/460869/008-fix.jpg?data=net\" /></p>\r\n\r\n<p><img alt=\"Gia Đình Điệp Viên chap 2 - Trang 9\" src=\"http://i332.ntcdntempv26.com/data/images/21922/460869/009-fix.jpg?data=net\" /></p>\r\n\r\n<p><img alt=\"Gia Đình Điệp Viên chap 2 - Trang 10\" src=\"http://i332.ntcdntempv26.com/data/images/21922/460869/010-fix.jpg?data=net\" /></p>\r\n\r\n<p><img alt=\"Gia Đình Điệp Viên chap 2 - Trang 11\" src=\"http://i332.ntcdntempv26.com/data/images/21922/460869/011-fix.jpg?data=net\" /></p>\r\n\r\n<p><img alt=\"Gia Đình Điệp Viên chap 2 - Trang 12\" src=\"http://i332.ntcdntempv26.com/data/images/21922/460869/012-fix.jpg?data=net\" /></p>\r\n\r\n<p><img alt=\"Gia Đình Điệp Viên chap 2 - Trang 13\" src=\"http://i332.ntcdntempv26.com/data/images/21922/460869/013-fix.jpg?data=net\" /></p>\r\n\r\n<p><img alt=\"Gia Đình Điệp Viên chap 2 - Trang 14\" src=\"http://i332.ntcdntempv26.com/data/images/21922/460869/014-fix.jpg?data=net\" /></p>\r\n\r\n<p><img alt=\"Gia Đình Điệp Viên chap 2 - Trang 15\" src=\"http://i332.ntcdntempv26.com/data/images/21922/460869/015-fix.jpg?data=net\" /></p>\r\n\r\n<p><img alt=\"Gia Đình Điệp Viên chap 2 - Trang 16\" src=\"http://i332.ntcdntempv26.com/data/images/21922/460869/016-fix.jpg?data=net\" /></p>\r\n\r\n<p><img alt=\"Gia Đình Điệp Viên chap 2 - Trang 17\" src=\"http://i332.ntcdntempv26.com/data/images/21922/460869/017-fix.jpg?data=net\" /></p>\r\n\r\n<p><img alt=\"Gia Đình Điệp Viên chap 2 - Trang 18\" src=\"http://i332.ntcdntempv26.com/data/images/21922/460869/018-fix.jpg?data=net\" /></p>\r\n\r\n<p><img alt=\"Gia Đình Điệp Viên chap 2 - Trang 19\" src=\"http://i332.ntcdntempv26.com/data/images/21922/460869/019-fix.jpg?data=net\" /></p>\r\n\r\n<p><img alt=\"Gia Đình Điệp Viên chap 2 - Trang 20\" src=\"http://i332.ntcdntempv26.com/data/images/21922/460869/020-fix.jpg?data=net\" /></p>\r\n\r\n<p><img alt=\"Gia Đình Điệp Viên chap 2 - Trang 21\" src=\"http://i332.ntcdntempv26.com/data/images/21922/460869/021-fix.jpg?data=net\" /></p>\r\n\r\n<p><img alt=\"Gia Đình Điệp Viên chap 2 - Trang 22\" src=\"http://i332.ntcdntempv26.com/data/images/21922/460869/022-fix.jpg?data=net\" /></p>\r\n\r\n<p><img alt=\"Gia Đình Điệp Viên chap 2 - Trang 23\" src=\"http://i332.ntcdntempv26.com/data/images/21922/460869/023-fix.jpg?data=net\" /></p>\r\n\r\n<p><img alt=\"Gia Đình Điệp Viên chap 2 - Trang 24\" src=\"http://i332.ntcdntempv26.com/data/images/21922/460869/024-fix.jpg?data=net\" /></p>\r\n\r\n<p><img alt=\"Gia Đình Điệp Viên chap 2 - Trang 25\" src=\"http://i332.ntcdntempv26.com/data/images/21922/460869/025-fix.jpg?data=net\" /></p>\r\n\r\n<p><img alt=\"Gia Đình Điệp Viên chap 2 - Trang 26\" src=\"http://i332.ntcdntempv26.com/data/images/21922/460869/026-fix.jpg?data=net\" /></p>\r\n\r\n<p><img alt=\"Gia Đình Điệp Viên chap 2 - Trang 27\" src=\"http://i332.ntcdntempv26.com/data/images/21922/460869/027-fix.jpg?data=net\" /></p>\r\n\r\n<p><img alt=\"Gia Đình Điệp Viên chap 2 - Trang 28\" src=\"http://i332.ntcdntempv26.com/data/images/21922/460869/028-fix.jpg?data=net\" /></p>\r\n\r\n<p><img alt=\"Gia Đình Điệp Viên chap 2 - Trang 29\" src=\"http://i332.ntcdntempv26.com/data/images/21922/460869/029-fix.jpg?data=net\" /></p>\r\n\r\n<p><img alt=\"Gia Đình Điệp Viên chap 2 - Trang 30\" src=\"http://i332.ntcdntempv26.com/data/images/21922/460869/030-fix.jpg?data=net\" /></p>\r\n\r\n<p><img alt=\"Gia Đình Điệp Viên chap 2 - Trang 31\" src=\"http://i332.ntcdntempv26.com/data/images/21922/460869/031-fix.jpg?data=net\" /></p>\r\n\r\n<p><img alt=\"Gia Đình Điệp Viên chap 2 - Trang 32\" src=\"http://i332.ntcdntempv26.com/data/images/21922/460869/032-fix.jpg?data=net\" /></p>\r\n\r\n<p><img alt=\"Gia Đình Điệp Viên chap 2 - Trang 33\" src=\"http://i332.ntcdntempv26.com/data/images/21922/460869/033-fix.jpg?data=net\" /></p>\r\n\r\n<p><img alt=\"Gia Đình Điệp Viên chap 2 - Trang 34\" src=\"http://i332.ntcdntempv26.com/data/images/21922/460869/034-fix.jpg?data=net\" /></p>\r\n\r\n<p><img alt=\"Gia Đình Điệp Viên chap 2 - Trang 35\" src=\"http://i332.ntcdntempv26.com/data/images/21922/460869/035-fix.jpg?data=net\" /></p>\r\n\r\n<p><img alt=\"Gia Đình Điệp Viên chap 2 - Trang 36\" src=\"http://i332.ntcdntempv26.com/data/images/21922/460869/036-fix.jpg?data=net\" /></p>\r\n\r\n<p><img alt=\"Gia Đình Điệp Viên chap 2 - Trang 37\" src=\"http://i332.ntcdntempv26.com/data/images/21922/460869/037-fix.jpg?data=net\" /></p>\r\n\r\n<p><img alt=\"Gia Đình Điệp Viên chap 2 - Trang 38\" src=\"http://i332.ntcdntempv26.com/data/images/21922/460869/038-fix.jpg?data=net\" /></p>\r\n\r\n<p><img alt=\"Gia Đình Điệp Viên chap 2 - Trang 39\" src=\"http://i332.ntcdntempv26.com/data/images/21922/460869/039-fix.jpg?data=net\" /></p>\r\n\r\n<p><img alt=\"Gia Đình Điệp Viên chap 2 - Trang 40\" src=\"http://i332.ntcdntempv26.com/data/images/21922/460869/040-fix.jpg?data=net\" /></p>\r\n\r\n<p><img alt=\"Gia Đình Điệp Viên chap 2 - Trang 41\" src=\"http://i332.ntcdntempv26.com/data/images/21922/460869/041-fix.jpg?data=net\" /></p>\r\n\r\n<p><img alt=\"Gia Đình Điệp Viên chap 2 - Trang 42\" src=\"http://i332.ntcdntempv26.com/data/images/21922/460869/042-fix.jpg?data=net\" /></p>\r\n\r\n<p><img alt=\"Gia Đình Điệp Viên chap 2 - Trang 43\" src=\"http://i332.ntcdntempv26.com/data/images/21922/460869/043-fix.jpg?data=net\" /></p>\r\n\r\n<p><img alt=\"Gia Đình Điệp Viên chap 2 - Trang 44\" src=\"http://i332.ntcdntempv26.com/data/images/21922/460869/044-fix.jpg?data=net\" /></p>\r\n\r\n<p><img alt=\"Gia Đình Điệp Viên chap 2 - Trang 45\" src=\"http://i332.ntcdntempv26.com/data/images/21922/460869/045-fix.jpg?data=net\" /></p>\r\n\r\n<p><img alt=\"Gia Đình Điệp Viên chap 2 - Trang 46\" src=\"http://i332.ntcdntempv26.com/data/images/21922/460869/046-fix.jpg?data=net\" /></p>\r\n\r\n<p><img alt=\"Gia Đình Điệp Viên chap 2 - Trang 47\" src=\"http://i332.ntcdntempv26.com/data/images/21922/460869/047-fix.jpg?data=net\" /></p>\r\n\r\n<p><img alt=\"Gia Đình Điệp Viên chap 2 - Trang 48\" src=\"http://i332.ntcdntempv26.com/data/images/21922/460869/048-fix.jpg?data=net\" /></p>\r\n\r\n<p><img alt=\"Gia Đình Điệp Viên chap 2 - Trang 49\" src=\"http://i332.ntcdntempv26.com/data/images/21922/460869/049-fix.jpg?data=net\" /></p>\r\n\r\n<p><img alt=\"Gia Đình Điệp Viên chap 2 - Trang 50\" src=\"http://i332.ntcdntempv26.com/data/images/21922/460869/050-fix.jpg?data=net\" /></p>\r\n\r\n<p><img alt=\"Gia Đình Điệp Viên chap 2 - Trang 51\" src=\"http://i332.ntcdntempv26.com/data/images/21922/460869/051-fix.jpg?data=net\" /></p>\r\n\r\n<p><img alt=\"Gia Đình Điệp Viên chap 2 - Trang 52\" src=\"http://i332.ntcdntempv26.com/data/images/21922/460869/052-fix.jpg?data=net\" /></p>\r\n\r\n<p><img alt=\"Gia Đình Điệp Viên chap 2 - Trang 53\" src=\"http://i332.ntcdntempv26.com/data/images/21922/460869/053-fix.jpg?data=net\" /></p>\r\n\r\n<p><img alt=\"Gia Đình Điệp Viên chap 2 - Trang 54\" src=\"http://i332.ntcdntempv26.com/data/images/21922/460869/054-fix.jpg?data=net\" /></p>\r\n\r\n<p><img alt=\"Gia Đình Điệp Viên chap 2 - Trang 55\" src=\"http://i332.ntcdntempv26.com/data/images/21922/460869/055-fix.jpg?data=net\" /></p>\r\n\r\n<p><img alt=\"Gia Đình Điệp Viên chap 2 - Trang 56\" src=\"http://i332.ntcdntempv26.com/data/images/21922/460869/056-fix.jpg?data=net\" /></p>\r\n\r\n<p><img alt=\"Gia Đình Điệp Viên chap 2 - Trang 57\" src=\"http://i332.ntcdntempv26.com/data/images/21922/460869/057-fix.jpg?data=net\" /></p>\r\n\r\n<ul>\r\n</ul>', 0, 'gia-dinh-diep-vien-chapter-2'),
(18, 6, 'Gia Đình Điệp Viên - Chapter 3', 'kiếm được vợ rồii', '<p>&nbsp;</p>\r\n\r\n<p><img alt=\"Gia Đình Điệp Viên chap 3 - Trang 2\" src=\"http://i332.ntcdntempv26.com/data/images/21922/462708/002-fix.jpg?data=net\" /></p>\r\n\r\n<p><img alt=\"Gia Đình Điệp Viên chap 3 - Trang 3\" src=\"http://i332.ntcdntempv26.com/data/images/21922/462708/003-fix.jpg?data=net\" /></p>\r\n\r\n<p><img alt=\"Gia Đình Điệp Viên chap 3 - Trang 4\" src=\"http://i332.ntcdntempv26.com/data/images/21922/462708/004-fix.jpg?data=net\" /></p>\r\n\r\n<p><img alt=\"Gia Đình Điệp Viên chap 3 - Trang 5\" src=\"http://i332.ntcdntempv26.com/data/images/21922/462708/005-fix.jpg?data=net\" /></p>\r\n\r\n<p><img alt=\"Gia Đình Điệp Viên chap 3 - Trang 6\" src=\"http://i332.ntcdntempv26.com/data/images/21922/462708/006-fix.jpg?data=net\" /></p>\r\n\r\n<p><img alt=\"Gia Đình Điệp Viên chap 3 - Trang 7\" src=\"http://i332.ntcdntempv26.com/data/images/21922/462708/007-fix.jpg?data=net\" /></p>\r\n\r\n<p><img alt=\"Gia Đình Điệp Viên chap 3 - Trang 8\" src=\"http://i332.ntcdntempv26.com/data/images/21922/462708/008-fix.jpg?data=net\" /></p>\r\n\r\n<p><img alt=\"Gia Đình Điệp Viên chap 3 - Trang 9\" src=\"http://i332.ntcdntempv26.com/data/images/21922/462708/009-fix.jpg?data=net\" /></p>\r\n\r\n<p><img alt=\"Gia Đình Điệp Viên chap 3 - Trang 10\" src=\"http://i332.ntcdntempv26.com/data/images/21922/462708/010-fix.jpg?data=net\" /></p>\r\n\r\n<p><img alt=\"Gia Đình Điệp Viên chap 3 - Trang 11\" src=\"http://i332.ntcdntempv26.com/data/images/21922/462708/011-fix.jpg?data=net\" /></p>\r\n\r\n<p><img alt=\"Gia Đình Điệp Viên chap 3 - Trang 12\" src=\"http://i332.ntcdntempv26.com/data/images/21922/462708/012-fix.jpg?data=net\" /></p>\r\n\r\n<p><img alt=\"Gia Đình Điệp Viên chap 3 - Trang 13\" src=\"http://i332.ntcdntempv26.com/data/images/21922/462708/013-fix.jpg?data=net\" /></p>\r\n\r\n<p><img alt=\"Gia Đình Điệp Viên chap 3 - Trang 14\" src=\"http://i332.ntcdntempv26.com/data/images/21922/462708/014-fix.jpg?data=net\" /></p>\r\n\r\n<p><img alt=\"Gia Đình Điệp Viên chap 3 - Trang 15\" src=\"http://i332.ntcdntempv26.com/data/images/21922/462708/015-fix.jpg?data=net\" /></p>\r\n\r\n<p><img alt=\"Gia Đình Điệp Viên chap 3 - Trang 16\" src=\"http://i332.ntcdntempv26.com/data/images/21922/462708/016-fix.jpg?data=net\" /></p>\r\n\r\n<p><img alt=\"Gia Đình Điệp Viên chap 3 - Trang 17\" src=\"http://i332.ntcdntempv26.com/data/images/21922/462708/017-fix.jpg?data=net\" /></p>\r\n\r\n<p><img alt=\"Gia Đình Điệp Viên chap 3 - Trang 18\" src=\"http://i332.ntcdntempv26.com/data/images/21922/462708/018-fix.jpg?data=net\" /></p>\r\n\r\n<p><img alt=\"Gia Đình Điệp Viên chap 3 - Trang 19\" src=\"http://i332.ntcdntempv26.com/data/images/21922/462708/019-fix.jpg?data=net\" /></p>\r\n\r\n<p><img alt=\"Gia Đình Điệp Viên chap 3 - Trang 20\" src=\"http://i332.ntcdntempv26.com/data/images/21922/462708/020-fix.jpg?data=net\" /></p>\r\n\r\n<p><img alt=\"Gia Đình Điệp Viên chap 3 - Trang 21\" src=\"http://i332.ntcdntempv26.com/data/images/21922/462708/021-fix.jpg?data=net\" /></p>\r\n\r\n<p><img alt=\"Gia Đình Điệp Viên chap 3 - Trang 22\" src=\"http://i332.ntcdntempv26.com/data/images/21922/462708/022-fix.jpg?data=net\" /></p>\r\n\r\n<p><img alt=\"Gia Đình Điệp Viên chap 3 - Trang 23\" src=\"http://i332.ntcdntempv26.com/data/images/21922/462708/023-fix.jpg?data=net\" /></p>\r\n\r\n<p><img alt=\"Gia Đình Điệp Viên chap 3 - Trang 24\" src=\"http://i332.ntcdntempv26.com/data/images/21922/462708/024-fix.jpg?data=net\" /></p>\r\n\r\n<p><img alt=\"Gia Đình Điệp Viên chap 3 - Trang 25\" src=\"http://i332.ntcdntempv26.com/data/images/21922/462708/025-fix.jpg?data=net\" /></p>\r\n\r\n<p><img alt=\"Gia Đình Điệp Viên chap 3 - Trang 26\" src=\"http://i332.ntcdntempv26.com/data/images/21922/462708/026-fix.jpg?data=net\" /></p>\r\n\r\n<p><img alt=\"Gia Đình Điệp Viên chap 3 - Trang 27\" src=\"http://i332.ntcdntempv26.com/data/images/21922/462708/027-fix.jpg?data=net\" /></p>\r\n\r\n<p><img alt=\"Gia Đình Điệp Viên chap 3 - Trang 28\" src=\"http://i332.ntcdntempv26.com/data/images/21922/462708/028-fix.jpg?data=net\" /></p>\r\n\r\n<ul>\r\n</ul>', 0, 'gia-dinh-diep-vien-chapter-3');
INSERT INTO `chapter` (`id`, `truyen_id`, `tieude`, `tomtat`, `noidung`, `kichhoat`, `slug_chapter`) VALUES
(19, 5, 'Thám Tử Conan - Chapter 1', 'Bị teo nhỏ', '<p>&nbsp;</p>\r\n\r\n<p><img alt=\"Thám Tử Conan chap 1 - Trang 2\" src=\"http://i221.ntcdntempv3.com/data/images/4638/93999/002-fix.jpg?data=net\" /></p>\r\n\r\n<p><img alt=\"Thám Tử Conan chap 1 - Trang 3\" src=\"http://i221.ntcdntempv3.com/data/images/4638/93999/003-fix.jpg?data=net\" /></p>\r\n\r\n<p><img alt=\"Thám Tử Conan chap 1 - Trang 4\" src=\"http://i221.ntcdntempv3.com/data/images/4638/93999/004-fix.jpg?data=net\" /></p>\r\n\r\n<p><img alt=\"Thám Tử Conan chap 1 - Trang 5\" src=\"http://i221.ntcdntempv3.com/data/images/4638/93999/005-fix.jpg?data=net\" /></p>\r\n\r\n<p><img alt=\"Thám Tử Conan chap 1 - Trang 6\" src=\"http://i221.ntcdntempv3.com/data/images/4638/93999/006-fix.jpg?data=net\" /></p>\r\n\r\n<p><img alt=\"Thám Tử Conan chap 1 - Trang 7\" src=\"http://i221.ntcdntempv3.com/data/images/4638/93999/007-fix.jpg?data=net\" /></p>\r\n\r\n<p><img alt=\"Thám Tử Conan chap 1 - Trang 8\" src=\"http://i221.ntcdntempv3.com/data/images/4638/93999/008-fix.jpg?data=net\" /></p>\r\n\r\n<p><img alt=\"Thám Tử Conan chap 1 - Trang 9\" src=\"http://i221.ntcdntempv3.com/data/images/4638/93999/009-fix.jpg?data=net\" /></p>\r\n\r\n<p><img alt=\"Thám Tử Conan chap 1 - Trang 10\" src=\"http://i221.ntcdntempv3.com/data/images/4638/93999/010-fix.jpg?data=net\" /></p>\r\n\r\n<p><img alt=\"Thám Tử Conan chap 1 - Trang 11\" src=\"http://i221.ntcdntempv3.com/data/images/4638/93999/011-fix.jpg?data=net\" /></p>\r\n\r\n<p><img alt=\"Thám Tử Conan chap 1 - Trang 12\" src=\"http://i221.ntcdntempv3.com/data/images/4638/93999/012-fix.jpg?data=net\" /></p>\r\n\r\n<p><img alt=\"Thám Tử Conan chap 1 - Trang 13\" src=\"http://i221.ntcdntempv3.com/data/images/4638/93999/013-fix.jpg?data=net\" /></p>\r\n\r\n<p><img alt=\"Thám Tử Conan chap 1 - Trang 14\" src=\"http://i221.ntcdntempv3.com/data/images/4638/93999/014-fix.jpg?data=net\" /></p>\r\n\r\n<p><img alt=\"Thám Tử Conan chap 1 - Trang 15\" src=\"http://i221.ntcdntempv3.com/data/images/4638/93999/015-fix.jpg?data=net\" /></p>\r\n\r\n<p><img alt=\"Thám Tử Conan chap 1 - Trang 16\" src=\"http://i221.ntcdntempv3.com/data/images/4638/93999/016-fix.jpg?data=net\" /></p>\r\n\r\n<p><img alt=\"Thám Tử Conan chap 1 - Trang 17\" src=\"http://i221.ntcdntempv3.com/data/images/4638/93999/017-fix.jpg?data=net\" /></p>\r\n\r\n<p><img alt=\"Thám Tử Conan chap 1 - Trang 18\" src=\"http://i221.ntcdntempv3.com/data/images/4638/93999/018-fix.jpg?data=net\" /></p>\r\n\r\n<p><img alt=\"Thám Tử Conan chap 1 - Trang 19\" src=\"http://i221.ntcdntempv3.com/data/images/4638/93999/019-fix.jpg?data=net\" /></p>\r\n\r\n<p><img alt=\"Thám Tử Conan chap 1 - Trang 20\" src=\"http://i221.ntcdntempv3.com/data/images/4638/93999/020-fix.jpg?data=net\" /></p>\r\n\r\n<p><img alt=\"Thám Tử Conan chap 1 - Trang 21\" src=\"http://i221.ntcdntempv3.com/data/images/4638/93999/021-fix.jpg?data=net\" /></p>\r\n\r\n<p><img alt=\"Thám Tử Conan chap 1 - Trang 22\" src=\"http://i221.ntcdntempv3.com/data/images/4638/93999/022-fix.jpg?data=net\" /></p>\r\n\r\n<p><img alt=\"Thám Tử Conan chap 1 - Trang 23\" src=\"http://i221.ntcdntempv3.com/data/images/4638/93999/023-fix.jpg?data=net\" /></p>\r\n\r\n<p><img alt=\"Thám Tử Conan chap 1 - Trang 24\" src=\"http://i221.ntcdntempv3.com/data/images/4638/93999/024-fix.jpg?data=net\" /></p>\r\n\r\n<p><img alt=\"Thám Tử Conan chap 1 - Trang 25\" src=\"http://i221.ntcdntempv3.com/data/images/4638/93999/025-fix.jpg?data=net\" /></p>\r\n\r\n<p><img alt=\"Thám Tử Conan chap 1 - Trang 26\" src=\"http://i221.ntcdntempv3.com/data/images/4638/93999/026-fix.jpg?data=net\" /></p>\r\n\r\n<p><img alt=\"Thám Tử Conan chap 1 - Trang 27\" src=\"http://i221.ntcdntempv3.com/data/images/4638/93999/027-fix.jpg?data=net\" /></p>\r\n\r\n<p><img alt=\"Thám Tử Conan chap 1 - Trang 28\" src=\"http://i221.ntcdntempv3.com/data/images/4638/93999/028-fix.jpg?data=net\" /></p>\r\n\r\n<p><img alt=\"Thám Tử Conan chap 1 - Trang 29\" src=\"http://i221.ntcdntempv3.com/data/images/4638/93999/029-fix.jpg?data=net\" /></p>\r\n\r\n<p><img alt=\"Thám Tử Conan chap 1 - Trang 30\" src=\"http://i221.ntcdntempv3.com/data/images/4638/93999/030-fix.jpg?data=net\" /></p>\r\n\r\n<p><img alt=\"Thám Tử Conan chap 1 - Trang 31\" src=\"http://i221.ntcdntempv3.com/data/images/4638/93999/031-fix.jpg?data=net\" /></p>\r\n\r\n<p><img alt=\"Thám Tử Conan chap 1 - Trang 32\" src=\"http://i221.ntcdntempv3.com/data/images/4638/93999/032-fix.jpg?data=net\" /></p>\r\n\r\n<p><img alt=\"Thám Tử Conan chap 1 - Trang 33\" src=\"http://i221.ntcdntempv3.com/data/images/4638/93999/033-fix.jpg?data=net\" /></p>\r\n\r\n<p><img alt=\"Thám Tử Conan chap 1 - Trang 34\" src=\"http://i221.ntcdntempv3.com/data/images/4638/93999/034-fix.jpg?data=net\" /></p>\r\n\r\n<p><img alt=\"Thám Tử Conan chap 1 - Trang 35\" src=\"http://i221.ntcdntempv3.com/data/images/4638/93999/035-fix.jpg?data=net\" /></p>\r\n\r\n<p><img alt=\"Thám Tử Conan chap 1 - Trang 36\" src=\"http://i221.ntcdntempv3.com/data/images/4638/93999/036-fix.jpg?data=net\" /></p>\r\n\r\n<p><img alt=\"Thám Tử Conan chap 1 - Trang 37\" src=\"http://i221.ntcdntempv3.com/data/images/4638/93999/037-fix.jpg?data=net\" /></p>\r\n\r\n<p><img alt=\"Thám Tử Conan chap 1 - Trang 38\" src=\"http://i221.ntcdntempv3.com/data/images/4638/93999/038-fix.jpg?data=net\" /></p>\r\n\r\n<p><img alt=\"Thám Tử Conan chap 1 - Trang 39\" src=\"http://i221.ntcdntempv3.com/data/images/4638/93999/039-fix.jpg?data=net\" /></p>\r\n\r\n<p><img alt=\"Thám Tử Conan chap 1 - Trang 40\" src=\"http://i221.ntcdntempv3.com/data/images/4638/93999/040-fix.jpg?data=net\" /></p>\r\n\r\n<ul>\r\n</ul>', 0, 'tham-tu-conan-chapter-1'),
(20, 5, 'Thám Tử Conan - Chapter 2', 'Giải thoát', '<p>&nbsp;</p>\r\n\r\n<p><img alt=\"Thám Tử Conan chap 2 - Trang 1\" src=\"http://i115.ntcdntempv3.com/data/images/4638/94000/001-fix.jpg?data=net\" /></p>\r\n\r\n<p><img alt=\"Thám Tử Conan chap 2 - Trang 2\" src=\"http://i115.ntcdntempv3.com/data/images/4638/94000/002-fix.jpg?data=net\" /></p>\r\n\r\n<p><img alt=\"Thám Tử Conan chap 2 - Trang 3\" src=\"http://i115.ntcdntempv3.com/data/images/4638/94000/003-fix.jpg?data=net\" /></p>\r\n\r\n<p><img alt=\"Thám Tử Conan chap 2 - Trang 4\" src=\"http://i115.ntcdntempv3.com/data/images/4638/94000/004-fix.jpg?data=net\" /></p>\r\n\r\n<p><img alt=\"Thám Tử Conan chap 2 - Trang 5\" src=\"http://i115.ntcdntempv3.com/data/images/4638/94000/005-fix.jpg?data=net\" /></p>\r\n\r\n<p><img alt=\"Thám Tử Conan chap 2 - Trang 6\" src=\"http://i115.ntcdntempv3.com/data/images/4638/94000/006-fix.jpg?data=net\" /></p>\r\n\r\n<p><img alt=\"Thám Tử Conan chap 2 - Trang 7\" src=\"http://i115.ntcdntempv3.com/data/images/4638/94000/007-fix.jpg?data=net\" /></p>\r\n\r\n<p><img alt=\"Thám Tử Conan chap 2 - Trang 8\" src=\"http://i115.ntcdntempv3.com/data/images/4638/94000/008-fix.jpg?data=net\" /></p>\r\n\r\n<p><img alt=\"Thám Tử Conan chap 2 - Trang 9\" src=\"http://i115.ntcdntempv3.com/data/images/4638/94000/009-fix.jpg?data=net\" /></p>\r\n\r\n<p><img alt=\"Thám Tử Conan chap 2 - Trang 10\" src=\"http://i115.ntcdntempv3.com/data/images/4638/94000/010-fix.jpg?data=net\" /></p>\r\n\r\n<p><img alt=\"Thám Tử Conan chap 2 - Trang 11\" src=\"http://i115.ntcdntempv3.com/data/images/4638/94000/011-fix.jpg?data=net\" /></p>\r\n\r\n<p><img alt=\"Thám Tử Conan chap 2 - Trang 12\" src=\"http://i115.ntcdntempv3.com/data/images/4638/94000/012-fix.jpg?data=net\" /></p>\r\n\r\n<p><img alt=\"Thám Tử Conan chap 2 - Trang 13\" src=\"http://i115.ntcdntempv3.com/data/images/4638/94000/013-fix.jpg?data=net\" /></p>\r\n\r\n<p><img alt=\"Thám Tử Conan chap 2 - Trang 14\" src=\"http://i115.ntcdntempv3.com/data/images/4638/94000/014-fix.jpg?data=net\" /></p>\r\n\r\n<p><img alt=\"Thám Tử Conan chap 2 - Trang 15\" src=\"http://i115.ntcdntempv3.com/data/images/4638/94000/015-fix.jpg?data=net\" /></p>\r\n\r\n<p><img alt=\"Thám Tử Conan chap 2 - Trang 16\" src=\"http://i115.ntcdntempv3.com/data/images/4638/94000/016-fix.jpg?data=net\" /></p>\r\n\r\n<p><img alt=\"Thám Tử Conan chap 2 - Trang 17\" src=\"http://i115.ntcdntempv3.com/data/images/4638/94000/017-fix.jpg?data=net\" /></p>\r\n\r\n<p><img alt=\"Thám Tử Conan chap 2 - Trang 18\" src=\"http://i115.ntcdntempv3.com/data/images/4638/94000/018-fix.jpg?data=net\" /></p>\r\n\r\n<p><img alt=\"Thám Tử Conan chap 2 - Trang 19\" src=\"http://i115.ntcdntempv3.com/data/images/4638/94000/019-fix.jpg?data=net\" /></p>\r\n\r\n<p><img alt=\"Thám Tử Conan chap 2 - Trang 20\" src=\"http://i115.ntcdntempv3.com/data/images/4638/94000/020-fix.jpg?data=net\" /></p>\r\n\r\n<p><img alt=\"Thám Tử Conan chap 2 - Trang 21\" src=\"http://i115.ntcdntempv3.com/data/images/4638/94000/021-fix.jpg?data=net\" /></p>\r\n\r\n<p><img alt=\"Thám Tử Conan chap 2 - Trang 22\" src=\"http://i115.ntcdntempv3.com/data/images/4638/94000/022-fix.jpg?data=net\" /></p>\r\n\r\n<p><img alt=\"Thám Tử Conan chap 2 - Trang 23\" src=\"http://i115.ntcdntempv3.com/data/images/4638/94000/023-fix.jpg?data=net\" /></p>\r\n\r\n<p><img alt=\"Thám Tử Conan chap 2 - Trang 24\" src=\"http://i115.ntcdntempv3.com/data/images/4638/94000/024-fix.jpg?data=net\" /></p>\r\n\r\n<p><img alt=\"Thám Tử Conan chap 2 - Trang 25\" src=\"http://i115.ntcdntempv3.com/data/images/4638/94000/025-fix.jpg?data=net\" /></p>\r\n\r\n<p><img alt=\"Thám Tử Conan chap 2 - Trang 26\" src=\"http://i115.ntcdntempv3.com/data/images/4638/94000/026-fix.jpg?data=net\" /></p>\r\n\r\n<p><img alt=\"Thám Tử Conan chap 2 - Trang 27\" src=\"http://i115.ntcdntempv3.com/data/images/4638/94000/027-fix.jpg?data=net\" /></p>\r\n\r\n<ul>\r\n</ul>', 0, 'tham-tu-conan-chapter-2'),
(21, 5, 'Thám Tử Conan - Chapter 3', 'Đưa tội ác ra ánh sáng', '<p>&nbsp;</p>\r\n\r\n<ul>\r\n</ul>\r\n\r\n<h1>&nbsp;</h1>\r\n\r\n<p><img alt=\"Thám Tử Conan chap 3 - Trang 1\" src=\"http://i115.ntcdntempv3.com/data/images/4638/94001/001-fix.jpg?data=net\" /></p>\r\n\r\n<p><img alt=\"Thám Tử Conan chap 3 - Trang 2\" src=\"http://i115.ntcdntempv3.com/data/images/4638/94001/002-fix.jpg?data=net\" /></p>\r\n\r\n<p><img alt=\"Thám Tử Conan chap 3 - Trang 3\" src=\"http://i115.ntcdntempv3.com/data/images/4638/94001/003-fix.jpg?data=net\" /></p>\r\n\r\n<p><img alt=\"Thám Tử Conan chap 3 - Trang 4\" src=\"http://i115.ntcdntempv3.com/data/images/4638/94001/004-fix.jpg?data=net\" /></p>\r\n\r\n<p><img alt=\"Thám Tử Conan chap 3 - Trang 5\" src=\"http://i115.ntcdntempv3.com/data/images/4638/94001/005-fix.jpg?data=net\" /></p>\r\n\r\n<p><img alt=\"Thám Tử Conan chap 3 - Trang 6\" src=\"http://i115.ntcdntempv3.com/data/images/4638/94001/006-fix.jpg?data=net\" /></p>\r\n\r\n<p><img alt=\"Thám Tử Conan chap 3 - Trang 7\" src=\"http://i115.ntcdntempv3.com/data/images/4638/94001/007-fix.jpg?data=net\" /></p>\r\n\r\n<p><img alt=\"Thám Tử Conan chap 3 - Trang 8\" src=\"http://i115.ntcdntempv3.com/data/images/4638/94001/008-fix.jpg?data=net\" /></p>\r\n\r\n<p><img alt=\"Thám Tử Conan chap 3 - Trang 9\" src=\"http://i115.ntcdntempv3.com/data/images/4638/94001/009-fix.jpg?data=net\" /></p>\r\n\r\n<p><img alt=\"Thám Tử Conan chap 3 - Trang 10\" src=\"http://i115.ntcdntempv3.com/data/images/4638/94001/010-fix.jpg?data=net\" /></p>\r\n\r\n<p><img alt=\"Thám Tử Conan chap 3 - Trang 11\" src=\"http://i115.ntcdntempv3.com/data/images/4638/94001/011-fix.jpg?data=net\" /></p>\r\n\r\n<p><img alt=\"Thám Tử Conan chap 3 - Trang 12\" src=\"http://i115.ntcdntempv3.com/data/images/4638/94001/012-fix.jpg?data=net\" /></p>\r\n\r\n<p><img alt=\"Thám Tử Conan chap 3 - Trang 13\" src=\"http://i115.ntcdntempv3.com/data/images/4638/94001/013-fix.jpg?data=net\" /></p>\r\n\r\n<p><img alt=\"Thám Tử Conan chap 3 - Trang 14\" src=\"http://i115.ntcdntempv3.com/data/images/4638/94001/014-fix.jpg?data=net\" /></p>\r\n\r\n<p><img alt=\"Thám Tử Conan chap 3 - Trang 15\" src=\"http://i115.ntcdntempv3.com/data/images/4638/94001/015-fix.jpg?data=net\" /></p>\r\n\r\n<ul>\r\n</ul>', 0, 'tham-tu-conan -chapter-3'),
(22, 2, 'Doraemon - Chapter 1', 'Chú mèo máy cute', '<p>&nbsp;</p>\r\n\r\n<p><img alt=\"Doraemon chap 1 - Trang 1\" src=\"http://i115.ntcdntempv3.com/data/images/5723/112062/001.jpg?data=net\" /></p>\r\n\r\n<p><img alt=\"Doraemon chap 1 - Trang 2\" src=\"http://i115.ntcdntempv3.com/data/images/5723/112062/002.jpg?data=net\" /></p>\r\n\r\n<p><img alt=\"Doraemon chap 1 - Trang 3\" src=\"http://i115.ntcdntempv3.com/data/images/5723/112062/003.jpg?data=net\" /></p>\r\n\r\n<p><img alt=\"Doraemon chap 1 - Trang 4\" src=\"http://i115.ntcdntempv3.com/data/images/5723/112062/004.jpg?data=net\" /></p>\r\n\r\n<p><img alt=\"Doraemon chap 1 - Trang 5\" src=\"http://i115.ntcdntempv3.com/data/images/5723/112062/005.jpg?data=net\" /></p>\r\n\r\n<p><img alt=\"Doraemon chap 1 - Trang 6\" src=\"http://i115.ntcdntempv3.com/data/images/5723/112062/006.jpg?data=net\" /></p>\r\n\r\n<p><img alt=\"Doraemon chap 1 - Trang 7\" src=\"http://i115.ntcdntempv3.com/data/images/5723/112062/007.jpg?data=net\" /></p>\r\n\r\n<p><img alt=\"Doraemon chap 1 - Trang 8\" src=\"http://i115.ntcdntempv3.com/data/images/5723/112062/008.jpg?data=net\" /></p>\r\n\r\n<p><img alt=\"Doraemon chap 1 - Trang 9\" src=\"http://i115.ntcdntempv3.com/data/images/5723/112062/009.jpg?data=net\" /></p>\r\n\r\n<p><img alt=\"Doraemon chap 1 - Trang 10\" src=\"http://i115.ntcdntempv3.com/data/images/5723/112062/010.jpg?data=net\" /></p>\r\n\r\n<p><img alt=\"Doraemon chap 1 - Trang 11\" src=\"http://i115.ntcdntempv3.com/data/images/5723/112062/011.jpg?data=net\" /></p>\r\n\r\n<p><img alt=\"Doraemon chap 1 - Trang 12\" src=\"http://i115.ntcdntempv3.com/data/images/5723/112062/012.jpg?data=net\" /></p>\r\n\r\n<p><img alt=\"Doraemon chap 1 - Trang 13\" src=\"http://i115.ntcdntempv3.com/data/images/5723/112062/013.jpg?data=net\" /></p>\r\n\r\n<p><img alt=\"Doraemon chap 1 - Trang 14\" src=\"http://i115.ntcdntempv3.com/data/images/5723/112062/014.jpg?data=net\" /></p>\r\n\r\n<p><img alt=\"Doraemon chap 1 - Trang 15\" src=\"http://i115.ntcdntempv3.com/data/images/5723/112062/015.jpg?data=net\" /></p>\r\n\r\n<p><img alt=\"Doraemon chap 1 - Trang 16\" src=\"http://i115.ntcdntempv3.com/data/images/5723/112062/016.jpg?data=net\" /></p>\r\n\r\n<p><img alt=\"Doraemon chap 1 - Trang 17\" src=\"http://i115.ntcdntempv3.com/data/images/5723/112062/017.jpg?data=net\" /></p>\r\n\r\n<p><img alt=\"Doraemon chap 1 - Trang 18\" src=\"http://i115.ntcdntempv3.com/data/images/5723/112062/018.jpg?data=net\" /></p>\r\n\r\n<ul>\r\n</ul>', 0, 'doraemon-chapter-1'),
(23, 2, 'Doraemon - Chapter 2', 'Nobita ngu ngục', '<p>&nbsp;</p>\r\n\r\n<p>&nbsp;</p>\r\n\r\n<p><img alt=\"Doraemon chap 2 - Trang 2\" src=\"http://i115.ntcdntempv3.com/data/images/5723/112064/002.jpg?data=net\" /></p>\r\n\r\n<p><img alt=\"Doraemon chap 2 - Trang 3\" src=\"http://i115.ntcdntempv3.com/data/images/5723/112064/003.jpg?data=net\" /></p>\r\n\r\n<p><img alt=\"Doraemon chap 2 - Trang 4\" src=\"http://i115.ntcdntempv3.com/data/images/5723/112064/004.jpg?data=net\" /></p>\r\n\r\n<p><img alt=\"Doraemon chap 2 - Trang 5\" src=\"http://i115.ntcdntempv3.com/data/images/5723/112064/005.jpg?data=net\" /></p>\r\n\r\n<p><img alt=\"Doraemon chap 2 - Trang 6\" src=\"http://i115.ntcdntempv3.com/data/images/5723/112064/006.jpg?data=net\" /></p>\r\n\r\n<p><img alt=\"Doraemon chap 2 - Trang 7\" src=\"http://i115.ntcdntempv3.com/data/images/5723/112064/007.jpg?data=net\" /></p>\r\n\r\n<p><img alt=\"Doraemon chap 2 - Trang 8\" src=\"http://i115.ntcdntempv3.com/data/images/5723/112064/008.jpg?data=net\" /></p>\r\n\r\n<p><img alt=\"Doraemon chap 2 - Trang 9\" src=\"http://i115.ntcdntempv3.com/data/images/5723/112064/009.jpg?data=net\" /></p>\r\n\r\n<p><img alt=\"Doraemon chap 2 - Trang 10\" src=\"http://i115.ntcdntempv3.com/data/images/5723/112064/010.jpg?data=net\" /></p>\r\n\r\n<p><img alt=\"Doraemon chap 2 - Trang 11\" src=\"http://i115.ntcdntempv3.com/data/images/5723/112064/011.jpg?data=net\" /></p>\r\n\r\n<p><img alt=\"Doraemon chap 2 - Trang 12\" src=\"http://i115.ntcdntempv3.com/data/images/5723/112064/012.jpg?data=net\" /></p>\r\n\r\n<p><img alt=\"Doraemon chap 2 - Trang 13\" src=\"http://i115.ntcdntempv3.com/data/images/5723/112064/013.jpg?data=net\" /></p>\r\n\r\n<p><img alt=\"Doraemon chap 2 - Trang 14\" src=\"http://i115.ntcdntempv3.com/data/images/5723/112064/014.jpg?data=net\" /></p>\r\n\r\n<p><img alt=\"Doraemon chap 2 - Trang 15\" src=\"http://i115.ntcdntempv3.com/data/images/5723/112064/015.jpg?data=net\" /></p>\r\n\r\n<ul>\r\n</ul>', 0, 'doraemon-chapter-2'),
(24, 2, 'Doraemon - Chapter 3', 'shizuka nè', '<p>&nbsp;</p>\r\n\r\n<p><img alt=\"Doraemon chap 3 - Trang 2\" src=\"http://i115.ntcdntempv3.com/data/images/5723/112065/002-fix.jpg?data=net\" /></p>\r\n\r\n<p><img alt=\"Doraemon chap 3 - Trang 3\" src=\"http://i115.ntcdntempv3.com/data/images/5723/112065/003-fix.jpg?data=net\" /></p>\r\n\r\n<p><img alt=\"Doraemon chap 3 - Trang 4\" src=\"http://i115.ntcdntempv3.com/data/images/5723/112065/004-fix.jpg?data=net\" /></p>\r\n\r\n<p><img alt=\"Doraemon chap 3 - Trang 5\" src=\"http://i115.ntcdntempv3.com/data/images/5723/112065/005-fix.jpg?data=net\" /></p>\r\n\r\n<p><img alt=\"Doraemon chap 3 - Trang 6\" src=\"http://i115.ntcdntempv3.com/data/images/5723/112065/006-fix.jpg?data=net\" /></p>\r\n\r\n<p><img alt=\"Doraemon chap 3 - Trang 7\" src=\"http://i115.ntcdntempv3.com/data/images/5723/112065/007-fix.jpg?data=net\" /></p>\r\n\r\n<p><img alt=\"Doraemon chap 3 - Trang 8\" src=\"http://i115.ntcdntempv3.com/data/images/5723/112065/008-fix.jpg?data=net\" /></p>\r\n\r\n<p><img alt=\"Doraemon chap 3 - Trang 9\" src=\"http://i115.ntcdntempv3.com/data/images/5723/112065/009-fix.jpg?data=net\" /></p>\r\n\r\n<ul>\r\n</ul>', 0, 'doraemon-chapter-3'),
(25, 4, 'Thanh Gươm Diệt Quỷ - Chapter 1', 'Bi kịch', '<p>&nbsp;</p>\r\n\r\n<p><img alt=\"Thanh Gươm Diệt Quỷ chap 1 - Trang 1\" src=\"http://i221.ntcdntempv3.com/data/images/12523/244900/001-fix.jpg?data=net\" /></p>\r\n\r\n<p><img alt=\"Thanh Gươm Diệt Quỷ chap 1 - Trang 2\" src=\"http://i221.ntcdntempv3.com/data/images/12523/244900/002-fix.jpg?data=net\" /></p>\r\n\r\n<p><img alt=\"Thanh Gươm Diệt Quỷ chap 1 - Trang 3\" src=\"http://i221.ntcdntempv3.com/data/images/12523/244900/003-fix.jpg?data=net\" /></p>\r\n\r\n<p><img alt=\"Thanh Gươm Diệt Quỷ chap 1 - Trang 4\" src=\"http://i221.ntcdntempv3.com/data/images/12523/244900/004-fix.jpg?data=net\" /></p>\r\n\r\n<p><img alt=\"Thanh Gươm Diệt Quỷ chap 1 - Trang 5\" src=\"http://i221.ntcdntempv3.com/data/images/12523/244900/005-fix.jpg?data=net\" /></p>\r\n\r\n<p><img alt=\"Thanh Gươm Diệt Quỷ chap 1 - Trang 6\" src=\"http://i221.ntcdntempv3.com/data/images/12523/244900/006-fix.jpg?data=net\" /></p>\r\n\r\n<p><img alt=\"Thanh Gươm Diệt Quỷ chap 1 - Trang 7\" src=\"http://i221.ntcdntempv3.com/data/images/12523/244900/007-fix.jpg?data=net\" /></p>\r\n\r\n<p><img alt=\"Thanh Gươm Diệt Quỷ chap 1 - Trang 8\" src=\"http://i221.ntcdntempv3.com/data/images/12523/244900/008-fix.jpg?data=net\" /></p>\r\n\r\n<p><img alt=\"Thanh Gươm Diệt Quỷ chap 1 - Trang 9\" src=\"http://i221.ntcdntempv3.com/data/images/12523/244900/009-fix.jpg?data=net\" /></p>\r\n\r\n<p><img alt=\"Thanh Gươm Diệt Quỷ chap 1 - Trang 10\" src=\"http://i221.ntcdntempv3.com/data/images/12523/244900/010-fix.jpg?data=net\" /></p>\r\n\r\n<p><img alt=\"Thanh Gươm Diệt Quỷ chap 1 - Trang 11\" src=\"http://i221.ntcdntempv3.com/data/images/12523/244900/011-fix.jpg?data=net\" /></p>\r\n\r\n<p><img alt=\"Thanh Gươm Diệt Quỷ chap 1 - Trang 12\" src=\"http://i221.ntcdntempv3.com/data/images/12523/244900/012-fix.jpg?data=net\" /></p>\r\n\r\n<p><img alt=\"Thanh Gươm Diệt Quỷ chap 1 - Trang 13\" src=\"http://i221.ntcdntempv3.com/data/images/12523/244900/013-fix.jpg?data=net\" /></p>\r\n\r\n<p><img alt=\"Thanh Gươm Diệt Quỷ chap 1 - Trang 14\" src=\"http://i221.ntcdntempv3.com/data/images/12523/244900/014-fix.jpg?data=net\" /></p>\r\n\r\n<p><img alt=\"Thanh Gươm Diệt Quỷ chap 1 - Trang 15\" src=\"http://i221.ntcdntempv3.com/data/images/12523/244900/015-fix.jpg?data=net\" /></p>\r\n\r\n<p><img alt=\"Thanh Gươm Diệt Quỷ chap 1 - Trang 16\" src=\"http://i221.ntcdntempv3.com/data/images/12523/244900/016-fix.jpg?data=net\" /></p>\r\n\r\n<p><img alt=\"Thanh Gươm Diệt Quỷ chap 1 - Trang 17\" src=\"http://i221.ntcdntempv3.com/data/images/12523/244900/017-fix.jpg?data=net\" /></p>\r\n\r\n<p><img alt=\"Thanh Gươm Diệt Quỷ chap 1 - Trang 18\" src=\"http://i221.ntcdntempv3.com/data/images/12523/244900/018-fix.jpg?data=net\" /></p>\r\n\r\n<p><img alt=\"Thanh Gươm Diệt Quỷ chap 1 - Trang 19\" src=\"http://i221.ntcdntempv3.com/data/images/12523/244900/019-fix.jpg?data=net\" /></p>\r\n\r\n<p><img alt=\"Thanh Gươm Diệt Quỷ chap 1 - Trang 20\" src=\"http://i221.ntcdntempv3.com/data/images/12523/244900/020-fix.jpg?data=net\" /></p>\r\n\r\n<p><img alt=\"Thanh Gươm Diệt Quỷ chap 1 - Trang 21\" src=\"http://i221.ntcdntempv3.com/data/images/12523/244900/021-fix.jpg?data=net\" /></p>\r\n\r\n<p><img alt=\"Thanh Gươm Diệt Quỷ chap 1 - Trang 22\" src=\"http://i221.ntcdntempv3.com/data/images/12523/244900/022-fix.jpg?data=net\" /></p>\r\n\r\n<p><img alt=\"Thanh Gươm Diệt Quỷ chap 1 - Trang 23\" src=\"http://i221.ntcdntempv3.com/data/images/12523/244900/023-fix.jpg?data=net\" /></p>\r\n\r\n<p><img alt=\"Thanh Gươm Diệt Quỷ chap 1 - Trang 24\" src=\"http://i221.ntcdntempv3.com/data/images/12523/244900/024-fix.jpg?data=net\" /></p>\r\n\r\n<p><img alt=\"Thanh Gươm Diệt Quỷ chap 1 - Trang 25\" src=\"http://i221.ntcdntempv3.com/data/images/12523/244900/025-fix.jpg?data=net\" /></p>\r\n\r\n<p><img alt=\"Thanh Gươm Diệt Quỷ chap 1 - Trang 26\" src=\"http://i221.ntcdntempv3.com/data/images/12523/244900/026-fix.jpg?data=net\" /></p>\r\n\r\n<p><img alt=\"Thanh Gươm Diệt Quỷ chap 1 - Trang 27\" src=\"http://i221.ntcdntempv3.com/data/images/12523/244900/027-fix.jpg?data=net\" /></p>\r\n\r\n<p><img alt=\"Thanh Gươm Diệt Quỷ chap 1 - Trang 28\" src=\"http://i221.ntcdntempv3.com/data/images/12523/244900/028-fix.jpg?data=net\" /></p>\r\n\r\n<p><img alt=\"Thanh Gươm Diệt Quỷ chap 1 - Trang 29\" src=\"http://i221.ntcdntempv3.com/data/images/12523/244900/029-fix.jpg?data=net\" /></p>\r\n\r\n<p><img alt=\"Thanh Gươm Diệt Quỷ chap 1 - Trang 30\" src=\"http://i221.ntcdntempv3.com/data/images/12523/244900/030-fix.jpg?data=net\" /></p>\r\n\r\n<p><img alt=\"Thanh Gươm Diệt Quỷ chap 1 - Trang 31\" src=\"http://i221.ntcdntempv3.com/data/images/12523/244900/031-fix.jpg?data=net\" /></p>\r\n\r\n<p><img alt=\"Thanh Gươm Diệt Quỷ chap 1 - Trang 32\" src=\"http://i221.ntcdntempv3.com/data/images/12523/244900/032-fix.jpg?data=net\" /></p>\r\n\r\n<p><img alt=\"Thanh Gươm Diệt Quỷ chap 1 - Trang 33\" src=\"http://i221.ntcdntempv3.com/data/images/12523/244900/033-fix.jpg?data=net\" /></p>\r\n\r\n<p><img alt=\"Thanh Gươm Diệt Quỷ chap 1 - Trang 34\" src=\"http://i221.ntcdntempv3.com/data/images/12523/244900/034-fix.jpg?data=net\" /></p>\r\n\r\n<p><img alt=\"Thanh Gươm Diệt Quỷ chap 1 - Trang 35\" src=\"http://i221.ntcdntempv3.com/data/images/12523/244900/035-fix.jpg?data=net\" /></p>\r\n\r\n<p><img alt=\"Thanh Gươm Diệt Quỷ chap 1 - Trang 36\" src=\"http://i221.ntcdntempv3.com/data/images/12523/244900/036-fix.jpg?data=net\" /></p>\r\n\r\n<p><img alt=\"Thanh Gươm Diệt Quỷ chap 1 - Trang 37\" src=\"http://i221.ntcdntempv3.com/data/images/12523/244900/037-fix.jpg?data=net\" /></p>\r\n\r\n<p><img alt=\"Thanh Gươm Diệt Quỷ chap 1 - Trang 38\" src=\"http://i221.ntcdntempv3.com/data/images/12523/244900/038-fix.jpg?data=net\" /></p>\r\n\r\n<p><img alt=\"Thanh Gươm Diệt Quỷ chap 1 - Trang 39\" src=\"http://i221.ntcdntempv3.com/data/images/12523/244900/039-fix.jpg?data=net\" /></p>\r\n\r\n<p><img alt=\"Thanh Gươm Diệt Quỷ chap 1 - Trang 40\" src=\"http://i221.ntcdntempv3.com/data/images/12523/244900/040-fix.jpg?data=net\" /></p>\r\n\r\n<p><img alt=\"Thanh Gươm Diệt Quỷ chap 1 - Trang 41\" src=\"http://i221.ntcdntempv3.com/data/images/12523/244900/041-fix.jpg?data=net\" /></p>\r\n\r\n<p><img alt=\"Thanh Gươm Diệt Quỷ chap 1 - Trang 42\" src=\"http://i221.ntcdntempv3.com/data/images/12523/244900/042-fix.jpg?data=net\" /></p>\r\n\r\n<p><img alt=\"Thanh Gươm Diệt Quỷ chap 1 - Trang 43\" src=\"http://i221.ntcdntempv3.com/data/images/12523/244900/043-fix.jpg?data=net\" /></p>\r\n\r\n<p><img alt=\"Thanh Gươm Diệt Quỷ chap 1 - Trang 44\" src=\"http://i221.ntcdntempv3.com/data/images/12523/244900/044-fix.jpg?data=net\" /></p>\r\n\r\n<p><img alt=\"Thanh Gươm Diệt Quỷ chap 1 - Trang 45\" src=\"http://i221.ntcdntempv3.com/data/images/12523/244900/045-fix.jpg?data=net\" /></p>\r\n\r\n<p><img alt=\"Thanh Gươm Diệt Quỷ chap 1 - Trang 46\" src=\"http://i221.ntcdntempv3.com/data/images/12523/244900/046-fix.jpg?data=net\" /></p>\r\n\r\n<p><img alt=\"Thanh Gươm Diệt Quỷ chap 1 - Trang 47\" src=\"http://i221.ntcdntempv3.com/data/images/12523/244900/047-fix.jpg?data=net\" /></p>\r\n\r\n<p><img alt=\"Thanh Gươm Diệt Quỷ chap 1 - Trang 48\" src=\"http://i221.ntcdntempv3.com/data/images/12523/244900/048-fix.jpg?data=net\" /></p>\r\n\r\n<p><img alt=\"Thanh Gươm Diệt Quỷ chap 1 - Trang 49\" src=\"http://i221.ntcdntempv3.com/data/images/12523/244900/049-fix.jpg?data=net\" /></p>\r\n\r\n<p><img alt=\"Thanh Gươm Diệt Quỷ chap 1 - Trang 50\" src=\"http://i221.ntcdntempv3.com/data/images/12523/244900/050-fix.jpg?data=net\" /></p>\r\n\r\n<p><img alt=\"Thanh Gươm Diệt Quỷ chap 1 - Trang 51\" src=\"http://i221.ntcdntempv3.com/data/images/12523/244900/051-fix.jpg?data=net\" /></p>\r\n\r\n<p><img alt=\"Thanh Gươm Diệt Quỷ chap 1 - Trang 52\" src=\"http://i221.ntcdntempv3.com/data/images/12523/244900/052-fix.jpg?data=net\" /></p>\r\n\r\n<p><img alt=\"Thanh Gươm Diệt Quỷ chap 1 - Trang 53\" src=\"http://i221.ntcdntempv3.com/data/images/12523/244900/053-fix.jpg?data=net\" /></p>\r\n\r\n<p><img alt=\"Thanh Gươm Diệt Quỷ chap 1 - Trang 54\" src=\"http://i221.ntcdntempv3.com/data/images/12523/244900/054-fix.jpg?data=net\" /></p>\r\n\r\n<ul>\r\n</ul>', 0, 'thanh-guom-diet-quy-chapter-1'),
(26, 4, 'Thanh Gươm Diệt Quỷ - Chapter 2', 'Rèn kiếm', '<p>&nbsp;</p>\r\n\r\n<p><img alt=\"Thanh Gươm Diệt Quỷ chap 2 - Trang 1\" src=\"http://i221.ntcdntempv3.com/data/images/12523/252241/001-fix.jpg?data=net\" /></p>\r\n\r\n<p><img alt=\"Thanh Gươm Diệt Quỷ chap 2 - Trang 2\" src=\"http://i221.ntcdntempv3.com/data/images/12523/252241/002-fix.jpg?data=net\" /></p>\r\n\r\n<p><img alt=\"Thanh Gươm Diệt Quỷ chap 2 - Trang 3\" src=\"http://i221.ntcdntempv3.com/data/images/12523/252241/003-fix.jpg?data=net\" /></p>\r\n\r\n<p><img alt=\"Thanh Gươm Diệt Quỷ chap 2 - Trang 4\" src=\"http://i221.ntcdntempv3.com/data/images/12523/252241/004-fix.jpg?data=net\" /></p>\r\n\r\n<p><img alt=\"Thanh Gươm Diệt Quỷ chap 2 - Trang 5\" src=\"http://i221.ntcdntempv3.com/data/images/12523/252241/005-fix.jpg?data=net\" /></p>\r\n\r\n<p><img alt=\"Thanh Gươm Diệt Quỷ chap 2 - Trang 6\" src=\"http://i221.ntcdntempv3.com/data/images/12523/252241/006-fix.jpg?data=net\" /></p>\r\n\r\n<p><img alt=\"Thanh Gươm Diệt Quỷ chap 2 - Trang 7\" src=\"http://i221.ntcdntempv3.com/data/images/12523/252241/007-fix.jpg?data=net\" /></p>\r\n\r\n<p><img alt=\"Thanh Gươm Diệt Quỷ chap 2 - Trang 8\" src=\"http://i221.ntcdntempv3.com/data/images/12523/252241/008-fix.jpg?data=net\" /></p>\r\n\r\n<p><img alt=\"Thanh Gươm Diệt Quỷ chap 2 - Trang 9\" src=\"http://i221.ntcdntempv3.com/data/images/12523/252241/009-fix.jpg?data=net\" /></p>\r\n\r\n<p><img alt=\"Thanh Gươm Diệt Quỷ chap 2 - Trang 10\" src=\"http://i221.ntcdntempv3.com/data/images/12523/252241/010-fix.jpg?data=net\" /></p>\r\n\r\n<p><img alt=\"Thanh Gươm Diệt Quỷ chap 2 - Trang 11\" src=\"http://i221.ntcdntempv3.com/data/images/12523/252241/011-fix.jpg?data=net\" /></p>\r\n\r\n<p><img alt=\"Thanh Gươm Diệt Quỷ chap 2 - Trang 12\" src=\"http://i221.ntcdntempv3.com/data/images/12523/252241/012-fix.jpg?data=net\" /></p>\r\n\r\n<p><img alt=\"Thanh Gươm Diệt Quỷ chap 2 - Trang 13\" src=\"http://i221.ntcdntempv3.com/data/images/12523/252241/013-fix.jpg?data=net\" /></p>\r\n\r\n<p><img alt=\"Thanh Gươm Diệt Quỷ chap 2 - Trang 14\" src=\"http://i221.ntcdntempv3.com/data/images/12523/252241/014-fix.jpg?data=net\" /></p>\r\n\r\n<p><img alt=\"Thanh Gươm Diệt Quỷ chap 2 - Trang 15\" src=\"http://i221.ntcdntempv3.com/data/images/12523/252241/015-fix.jpg?data=net\" /></p>\r\n\r\n<p><img alt=\"Thanh Gươm Diệt Quỷ chap 2 - Trang 16\" src=\"http://i221.ntcdntempv3.com/data/images/12523/252241/016-fix.jpg?data=net\" /></p>\r\n\r\n<p><img alt=\"Thanh Gươm Diệt Quỷ chap 2 - Trang 17\" src=\"http://i221.ntcdntempv3.com/data/images/12523/252241/017-fix.jpg?data=net\" /></p>\r\n\r\n<p><img alt=\"Thanh Gươm Diệt Quỷ chap 2 - Trang 18\" src=\"http://i221.ntcdntempv3.com/data/images/12523/252241/018-fix.jpg?data=net\" /></p>\r\n\r\n<p><img alt=\"Thanh Gươm Diệt Quỷ chap 2 - Trang 19\" src=\"http://i221.ntcdntempv3.com/data/images/12523/252241/019-fix.jpg?data=net\" /></p>\r\n\r\n<p><img alt=\"Thanh Gươm Diệt Quỷ chap 2 - Trang 20\" src=\"http://i221.ntcdntempv3.com/data/images/12523/252241/020-fix.jpg?data=net\" /></p>\r\n\r\n<p><img alt=\"Thanh Gươm Diệt Quỷ chap 2 - Trang 21\" src=\"http://i221.ntcdntempv3.com/data/images/12523/252241/021-fix.jpg?data=net\" /></p>\r\n\r\n<p><img alt=\"Thanh Gươm Diệt Quỷ chap 2 - Trang 22\" src=\"http://i221.ntcdntempv3.com/data/images/12523/252241/022-fix.jpg?data=net\" /></p>\r\n\r\n<p><img alt=\"Thanh Gươm Diệt Quỷ chap 2 - Trang 23\" src=\"http://i221.ntcdntempv3.com/data/images/12523/252241/023-fix.jpg?data=net\" /></p>\r\n\r\n<p><img alt=\"Thanh Gươm Diệt Quỷ chap 2 - Trang 24\" src=\"http://i221.ntcdntempv3.com/data/images/12523/252241/024-fix.jpg?data=net\" /></p>\r\n\r\n<p><img alt=\"Thanh Gươm Diệt Quỷ chap 2 - Trang 25\" src=\"http://i221.ntcdntempv3.com/data/images/12523/252241/025-fix.jpg?data=net\" /></p>\r\n\r\n<p><img alt=\"Thanh Gươm Diệt Quỷ chap 2 - Trang 26\" src=\"http://i221.ntcdntempv3.com/data/images/12523/252241/026-fix.jpg?data=net\" /></p>\r\n\r\n<p><img alt=\"Thanh Gươm Diệt Quỷ chap 2 - Trang 27\" src=\"http://i221.ntcdntempv3.com/data/images/12523/252241/027-fix.jpg?data=net\" /></p>\r\n\r\n<ul>\r\n</ul>', 0, 'thanh-guom-diet-quy-chapter-2');

-- --------------------------------------------------------

--
-- Cấu trúc bảng cho bảng `danhmuc`
--

CREATE TABLE `danhmuc` (
  `id` int(11) NOT NULL,
  `tendanhmuc` varchar(255) NOT NULL,
  `mota` varchar(255) NOT NULL,
  `kichhoat` int(11) NOT NULL,
  `slug_danhmuc` varchar(255) NOT NULL
) ENGINE=InnoDB DEFAULT CHARSET=utf8mb4;

--
-- Đang đổ dữ liệu cho bảng `danhmuc`
--

INSERT INTO `danhmuc` (`id`, `tendanhmuc`, `mota`, `kichhoat`, `slug_danhmuc`) VALUES
(1, 'Truyện 18+', 'Truyện không phù hợp cho trẻ em dưới 18 chủi', 0, 'truyen-18'),
(2, 'Anime', 'Anime', 0, 'anime'),
(3, 'Truyện tranh', 'truyện tranh', 0, 'truyen-tranh'),
(4, 'One shot', 'truyện 1 tập', 0, 'one-shot'),
(5, 'Truyện tiểu thuyết', 'ádasdasd', 0, 'truyen-tieu-thuyet');

-- --------------------------------------------------------

--
-- Cấu trúc bảng cho bảng `sach`
--

CREATE TABLE `sach` (
  `id` int(11) NOT NULL,
  `tensach` varchar(255) NOT NULL,
  `tomtat` mediumtext NOT NULL,
  `slug_sach` varchar(255) NOT NULL,
  `views` int(50) NOT NULL,
  `created_at` varchar(20) NOT NULL,
  `updated_at` timestamp NOT NULL DEFAULT current_timestamp() ON UPDATE current_timestamp(),
  `kichhoat` int(11) NOT NULL,
  `noidung` text NOT NULL,
  `hinhanh` varchar(255) NOT NULL
) ENGINE=InnoDB DEFAULT CHARSET=utf8mb4;

--
-- Đang đổ dữ liệu cho bảng `sach`
--

INSERT INTO `sach` (`id`, `tensach`, `tomtat`, `slug_sach`, `views`, `created_at`, `updated_at`, `kichhoat`, `noidung`, `hinhanh`) VALUES
(1, 'Mắt Biếc', 'ádasd', 'mat-biec', 100000000, '2022-06-25 01:52:12', '2022-06-24 18:52:12', 0, 'ádasd', 'kich-truong-cua-takemichi89.jpg'),
(2, 'THANH GƯƠM DIỆT QUỶ', 'Kimetsu no Yaiba – Tanjirou là con cả của gia đình vừa mất cha.', 'thanh-guom-diet-quy', 100000000, '2022-06-25 16:07:41', '2022-06-25 09:07:41', 0, 'Kimetsu no Yaiba – Tanjirou là con cả của gia đình vừa mất cha. Một ngày nọ, Tanjirou đến thăm thị trấn khác để bán than, khi đêm về cậu ở nghỉ tại nhà người khác thay vì về nhà vì lời đồn thổi về ác quỷ luôn rình mò gần núi vào buổi tối. Khi cậu về nhà vào ngày hôm sau, bị kịch đang đợi chờ cậu…', 'thanh-guom-diet-quy5.jpg');

-- --------------------------------------------------------

--
-- Cấu trúc bảng cho bảng `theloai`
--

CREATE TABLE `theloai` (
  `id` int(11) NOT NULL,
  `tentheloai` varchar(255) NOT NULL,
  `mota` varchar(255) NOT NULL,
  `slug_theloai` varchar(255) NOT NULL,
  `kichhoat` int(11) NOT NULL
) ENGINE=InnoDB DEFAULT CHARSET=utf8mb4;

--
-- Đang đổ dữ liệu cho bảng `theloai`
--

INSERT INTO `theloai` (`id`, `tentheloai`, `mota`, `slug_theloai`, `kichhoat`) VALUES
(1, 'Action', 'Quánh nhau', 'Action', 0),
(2, 'Ngôn tình', 'Ngôn tình', 'Ngôn tình sến', 0),
(3, 'Chuyển sinh', 'Chuyển sinh', 'Chuyen-sinh', 0),
(4, 'Điệp viên', 'Điệp viên', 'Diep-vien', 0),
(5, 'School life', 'Nói về học sinh', 'School-life', 0),
(6, 'Viễn tưởng', 'Nói về những thứ không có thật', 'Vien-tuong', 0);

-- --------------------------------------------------------

--
-- Cấu trúc bảng cho bảng `thuocdanh`
--

CREATE TABLE `thuocdanh` (
  `id` int(11) NOT NULL,
  `danhmuc_id` int(11) NOT NULL,
  `truyen_id` int(11) NOT NULL
) ENGINE=InnoDB DEFAULT CHARSET=utf8mb4;

--
-- Đang đổ dữ liệu cho bảng `thuocdanh`
--

INSERT INTO `thuocdanh` (`id`, `danhmuc_id`, `truyen_id`) VALUES
(1, 2, 3),
(2, 2, 4),
(3, 3, 6),
(4, 3, 6),
(5, 3, 7),
(6, 1, 7),
(7, 3, 5),
(8, 2, 5),
(9, 3, 9),
(10, 2, 9),
(11, 3, 10),
(12, 2, 10),
(13, 3, 11),
(14, 2, 11);

-- --------------------------------------------------------

--
-- Cấu trúc bảng cho bảng `thuocloai`
--

CREATE TABLE `thuocloai` (
  `id` int(11) NOT NULL,
  `theloai_id` int(11) NOT NULL,
  `truyen_id` int(11) NOT NULL
) ENGINE=InnoDB DEFAULT CHARSET=utf8mb4;

--
-- Đang đổ dữ liệu cho bảng `thuocloai`
--

INSERT INTO `thuocloai` (`id`, `theloai_id`, `truyen_id`) VALUES
(1, 3, 2),
(2, 1, 2),
(3, 4, 6),
(4, 3, 6),
(5, 3, 7),
(6, 2, 5),
(7, 4, 5),
(8, 6, 9),
(9, 1, 9),
(10, 6, 10),
(11, 1, 10),
(12, 1, 1),
(13, 6, 11),
(14, 5, 11);

-- --------------------------------------------------------

--
-- Cấu trúc bảng cho bảng `truyen`
--

CREATE TABLE `truyen` (
  `id` int(11) NOT NULL,
  `tentruyen` varchar(255) NOT NULL,
  `tacgia` varchar(255) NOT NULL,
  `tomtat` mediumtext NOT NULL,
  `kichhoat` int(11) NOT NULL,
  `slug_truyen` varchar(255) NOT NULL,
  `views` varchar(255) DEFAULT NULL,
  `hinhanh` varchar(255) NOT NULL,
  `danhmuc_id` int(11) NOT NULL,
  `theloai_id` int(11) NOT NULL,
  `hoanthien` int(11) NOT NULL,
  `truyen_noibat` int(11) NOT NULL,
  `created_at` datetime NOT NULL,
  `updated_at` timestamp NOT NULL DEFAULT current_timestamp() ON UPDATE current_timestamp()
) ENGINE=InnoDB DEFAULT CHARSET=utf8mb4;

--
-- Đang đổ dữ liệu cho bảng `truyen`
--

INSERT INTO `truyen` (`id`, `tentruyen`, `tacgia`, `tomtat`, `kichhoat`, `slug_truyen`, `views`, `hinhanh`, `danhmuc_id`, `theloai_id`, `hoanthien`, `truyen_noibat`, `created_at`, `updated_at`) VALUES
(1, 'KỊCH TRƯỜNG CỦA TAKEMICHI', 'Tokizawa', 'thanh niên thất nghiệp còn trinh, được biết rằng người con gái đầu tiên và cũng là duy nhất cho đến bây giờ mà anh hẹn hò từ trung học đã chết. Sau một vụ tai nạn, anh ta thấy mình được quay về những ngày cấp hai. Anh ta thề sẽ thay đổi tương lai và giữ lấy người con gái ấy, để làm việc đó, anh ta quyết định sẽ vươn lên làm trùm băng đảng khét tiếng nhất ở vùng Kantou.\r\n', 0, 'tokyo-revenger', '105', 'kich-truong-cua-takemichi54.jpg', 3, 1, 0, 1, '2022-06-25 00:55:31', '2022-07-04 04:16:56'),
(2, 'Doraemon-mèo máy đến từ tương lai', 'HÙng', 'Kimetsu no Yaiba – Tanjirou là con cả của gia đình vừa mất cha. Một ngày nọ, Tanjirou đến thăm thị trấn khác để bán than, khi đêm về cậu ở nghỉ tại nhà người khác thay vì về nhà vì lời đồn thổi về ác quỷ luôn rình mò gần núi vào buổi tối. Khi cậu về nhà vào ngày hôm sau, bị kịch đang đợi chờ cậu…', 0, 'doraemon', '101', 'doraemon.jpg', 2, 1, 0, 2, '2022-06-25 02:44:27', '2022-07-04 09:03:26'),
(4, 'THANH GƯƠM DIỆT QUỶ', 'Gotouge Koyoharu', 'Kimetsu no Yaiba – Tanjirou là con cả của gia đình vừa mất cha. Một ngày nọ, Tanjirou đến thăm thị trấn khác để bán than, khi đêm về cậu ở nghỉ tại nhà người khác thay vì về nhà vì lời đồn thổi về ác quỷ luôn rình mò gần núi vào buổi tối. Khi cậu về nhà vào ngày hôm sau, bị kịch đang đợi chờ cậu…', 0, 'thanh-guom-diet-quy', '100', 'thanh-guom-diet-quy23.jpg', 2, 2, 0, 2, '2022-06-25 16:08:42', '2022-07-04 03:56:41'),
(5, 'Conan', 'Gotouge Koyoharu', 'Mở đầu câu truyện, cậu học sinh trung học 16 tuổi Shinichi Kudo bị biến thành cậu bé Conan Edogawa. Shinichi trong phần đầu của Thám tử lừng danh Conan được miêu tả là một thám tử học đường. Trong một lần đi chơi công viên \"Miền Nhiệt đới\" với cô bạn từ thuở nhỏ (cũng là bạn gái) Ran Mori , cậu bị dính vào vụ án một hành khách trên Chuyến tàu tốc hành trong công viên, Kishida , bị giết trong một vụ án cắt đầu rùng rợn. Cậu đã làm sáng tỏ vụ án và trên đường về nhà, chứng kiến một vụ làm ăn mờ ám của những người đàn ông mặc toàn đồ đen. Kudo bị phát hiện, bị đánh ngất sau đó những người đàn ông áo đen đã cho cậu uống một thứ thuốc độc chưa qua thử nghiệm là Apotoxin-4869 (APTX4869) với mục đích thủ tiêu cậu. Tuy nhiên chất độc đã không giết chết Kudo. Khi tỉnh lại, cậu bàng hoàng nhận thấy thân thể mình đã bị teo nhỏ trong hình dạng của một cậu học sinh tiểu học....', 0, 'conan', '100', 'tham-tu-conan4.jpg', 3, 4, 0, 1, '2022-06-25 16:19:54', '2022-07-04 03:56:44'),
(6, 'GIA ĐÌNH ĐIỆP VIÊN', 'Endou Tatsuya', 'Anh điệp viên lấy vợ sát thủ và có con siêu năng', 0, 'gia-dinh-diep-vien', '100', 'gia-dinh-diep-vien78.jpg', 3, 4, 0, 0, '2022-06-25 16:30:14', '2022-07-04 03:56:47'),
(7, 'Attack On Titan', 'Hajime Isayama', 'Hơn 100 năm trước, giống người khổng lồ Titan đã tấn công và đẩy loài người tới bờ vực tuyệt chủng. Những con người sống sót tụ tập lại, xây bao quanh mình 1 tòa thành 3 lớp kiên cố và tự nhốt mình bên trong để trốn tránh những cuộc tấn công của người khổng lồ. Họ tìm mọi cách để tiêu diệt người khổng lồ nhưng không thành công. Và sau 1 thế kỉ hòa bình, giống khổng lồ đã xuất hiện trở lại, một lần nữa đe dọa', 0, 'attack-on-titan', '104', 'tải xuống (2)7.jpg', 1, 1, 0, 2, '2022-06-25 16:37:22', '2022-07-04 09:08:52'),
(9, 'NARUTO ', 'Kishimoto Masashi', 'Naruto là một cậu bé có mơ ước trở thành hokage của làng Konoha,được Hokage phong ấn trong người một trong 9 quái vật của thể giới : Cửu vĩ Hồ ly.Vì cho cậu là một con quái vật, ko ai dám chơi với cậu!& Vì muốn được thừa nhận nên rất phá phách.Khi tốt nghiệp trướng ninja, lần đầu tiên cậu đã được thừa nhận và có một người bạn thân là Sasuke.', 0, 'naruto-cuu-vi-ho-ly', '103', 'naruto-cuu-vi-ho-ly85.jpg', 2, 1, 0, 2, '2022-06-25 16:56:28', '2022-07-04 04:17:54'),
(10, 'ĐẢO HẢI TẶC', 'Đang cập nhật', 'Cậu bé Luffy có ước mơ tìm thấy kho báu vĩ đại nhất, One Piece, của Vua Hải Tặc đời trước Gold D. Roger và trở thành Vua Hải Tặc đời kế tiếp. Ở Việt Nam hiện nay, truyện đang được Nhà xuất bản Thanh Hóa xuất bản nhưng không có bản quyền, với tên gọi là Đảo Hải tặc Cốt truyện', 0, 'dao-hai-tac', '101', 'dao-hai-tac38.jpg', 2, 1, 1, 0, '2022-06-25 16:58:01', '2022-07-04 04:17:47');

--
-- Chỉ mục cho các bảng đã đổ
--

--
-- Chỉ mục cho bảng `chapter`
--
ALTER TABLE `chapter`
  ADD PRIMARY KEY (`id`),
  ADD KEY `truyen_id` (`truyen_id`);

--
-- Chỉ mục cho bảng `danhmuc`
--
ALTER TABLE `danhmuc`
  ADD PRIMARY KEY (`id`);

--
-- Chỉ mục cho bảng `sach`
--
ALTER TABLE `sach`
  ADD PRIMARY KEY (`id`);

--
-- Chỉ mục cho bảng `theloai`
--
ALTER TABLE `theloai`
  ADD PRIMARY KEY (`id`);

--
-- Chỉ mục cho bảng `thuocdanh`
--
ALTER TABLE `thuocdanh`
  ADD PRIMARY KEY (`id`),
  ADD KEY `danhmuc_id` (`danhmuc_id`),
  ADD KEY `truyen_id` (`truyen_id`);

--
-- Chỉ mục cho bảng `thuocloai`
--
ALTER TABLE `thuocloai`
  ADD PRIMARY KEY (`id`),
  ADD KEY `theloai_id` (`theloai_id`),
  ADD KEY `truyen_id` (`truyen_id`);

--
-- Chỉ mục cho bảng `truyen`
--
ALTER TABLE `truyen`
  ADD PRIMARY KEY (`id`),
  ADD KEY `danhmuc_id` (`danhmuc_id`,`theloai_id`);

--
-- AUTO_INCREMENT cho các bảng đã đổ
--

--
-- AUTO_INCREMENT cho bảng `chapter`
--
ALTER TABLE `chapter`
  MODIFY `id` int(10) UNSIGNED NOT NULL AUTO_INCREMENT, AUTO_INCREMENT=27;

--
-- AUTO_INCREMENT cho bảng `danhmuc`
--
ALTER TABLE `danhmuc`
  MODIFY `id` int(11) NOT NULL AUTO_INCREMENT, AUTO_INCREMENT=6;

--
-- AUTO_INCREMENT cho bảng `sach`
--
ALTER TABLE `sach`
  MODIFY `id` int(11) NOT NULL AUTO_INCREMENT, AUTO_INCREMENT=3;

--
-- AUTO_INCREMENT cho bảng `theloai`
--
ALTER TABLE `theloai`
  MODIFY `id` int(11) NOT NULL AUTO_INCREMENT, AUTO_INCREMENT=7;

--
-- AUTO_INCREMENT cho bảng `thuocdanh`
--
ALTER TABLE `thuocdanh`
  MODIFY `id` int(11) NOT NULL AUTO_INCREMENT, AUTO_INCREMENT=15;

--
-- AUTO_INCREMENT cho bảng `thuocloai`
--
ALTER TABLE `thuocloai`
  MODIFY `id` int(11) NOT NULL AUTO_INCREMENT, AUTO_INCREMENT=15;

--
-- AUTO_INCREMENT cho bảng `truyen`
--
ALTER TABLE `truyen`
  MODIFY `id` int(11) NOT NULL AUTO_INCREMENT, AUTO_INCREMENT=12;
COMMIT;

/*!40101 SET CHARACTER_SET_CLIENT=@OLD_CHARACTER_SET_CLIENT */;
/*!40101 SET CHARACTER_SET_RESULTS=@OLD_CHARACTER_SET_RESULTS */;
/*!40101 SET COLLATION_CONNECTION=@OLD_COLLATION_CONNECTION */;
